,,,,,,,,,,,,,,,,,,,,,,,,,,,,,,,,,,,,,
,,,,,,,,,,,,,,,,,,,,,,,,,,,,,,,,,,,,,
,,,,,,,,,,,,,,,,,,,,,,,,,,,,,,,,,,,,,
,,,,,,,,,,,,,,,,,,,,,,,,,,,,,,,,,,,,,
Rapport : UMCC0008,,,,,,,Horaire des cours et des examens,,,,,,,,,,,,,,,,,,,,,,,Page   : 1,,,,,,,
,,,,,,,,,,,,,,,,,,,,,,,,,,,,,,Date   : 2024-07-07,,,,,,,
,,,,,,,,,,,,,,,,,,,,,,,,,,,,,,Heure : 13:41:54,,,,,,,
,,,,,,,,,,,,,,,,,,,,,,,,,,,,,,,,,,,,,
Faculté,Faculté DL,Comp. Univ.,Comp DL,Cheminement,Mat.,Num. rép.,Sect.,Titre,Volet,No. cours,Cours associé,Sect. Combinée,Code sect. comb.,Descr. sect. comb.,Statut,Mode,Session,Jour,De,A,Du,Au,Première date No. Cours,Dernière date No. Cours,Campus,Cap.,Inscr. Max,Inscr.,Approb. Inscr.,Nom enseignant 1,Type enseignant 1,Nom enseignant 2,Type enseignant 2,Nom enseignant 3,Type enseignant 3,Valeurs attributs cours,
23 ,Médecine,2301,Direction Médecine,1CYC,MMD,10441,A,Médecine relationnelle 1,TH,3010 ,1,,,,Actif,P,1,Me,08:30,11:29,2024-05-01,2024-08-25,2024-05-01,2024-08-25,Montréal,999,999,0,N,,,,,,,  C/SEQ,
23 ,Médecine,2301,Direction Médecine,1CYC,MMD,10441,A,Médecine relationnelle 1,TH,3010 ,1,,,,Actif,P,1,Me,12:30,15:29,2024-05-01,2024-08-25,2024-05-01,2024-08-25,Montréal,999,999,0,N,,,,,,,  C/SEQ,
23 ,Médecine,2301,Direction Médecine,1CYC,MMD,10441,A,Médecine relationnelle 1,TH,3010 ,1,,,,Actif,P,1,Je,08:30,11:29,2024-05-01,2024-08-25,2024-05-01,2024-08-25,Montréal,999,999,0,N,,,,,,,  C/SEQ,
23 ,Médecine,2301,Direction Médecine,1CYC,MMD,10441,A,Médecine relationnelle 1,TH,3010 ,1,,,,Actif,P,1,Je,12:30,15:29,2024-05-01,2024-08-25,2024-05-01,2024-08-25,Montréal,999,999,0,N,,,,,,,  C/SEQ,
23 ,Médecine,2301,Direction Médecine,1CYC,MMD,10441,A,Médecine relationnelle 1,TH,3010 ,1,,,,Actif,P,1,Ve,08:30,11:29,2024-05-01,2024-08-25,2024-05-01,2024-08-25,Montréal,999,999,0,N,,,,,,,  C/SEQ,
23 ,Médecine,2301,Direction Médecine,1CYC,MMD,10441,A,Médecine relationnelle 1,TH,3010 ,1,,,,Actif,P,1,Ve,12:30,15:29,2024-05-01,2024-08-25,2024-05-01,2024-08-25,Montréal,999,999,0,N,,,,,,,  C/SEQ,
23 ,Médecine,2301,Direction Médecine,1CYC,MMD,1047,A,Thématiques médecine clinique,TH,3011 ,1,,,,Actif,P,1,Lu,08:30,11:29,2024-05-01,2024-08-25,2024-05-01,2024-08-25,Montréal,999,999,0,N,,,,,,,  C,
23 ,Médecine,2301,Direction Médecine,1CYC,MMD,1047,A,Thématiques médecine clinique,TH,3011 ,1,,,,Actif,P,1,Lu,12:30,15:29,2024-05-01,2024-08-25,2024-05-01,2024-08-25,Montréal,999,999,0,N,,,,,,,  C,
23 ,Médecine,2301,Direction Médecine,1CYC,MMD,1047,A,Thématiques médecine clinique,TH,3011 ,1,,,,Actif,P,1,Me,12:30,15:29,2024-05-01,2024-08-25,2024-05-01,2024-08-25,Montréal,999,999,0,N,,,,,,,  C,
23 ,Médecine,2301,Direction Médecine,1CYC,MMD,1047,A,Thématiques médecine clinique,TH,3011 ,1,,,,Actif,P,1,Me,08:30,11:29,2024-05-01,2024-08-25,2024-05-01,2024-08-25,Montréal,999,999,0,N,,,,,,,  C,
23 ,Médecine,2301,Direction Médecine,1CYC,MMD,1047,A,Thématiques médecine clinique,TH,3011 ,1,,,,Actif,P,1,Ve,08:30,11:29,2024-05-01,2024-08-25,2024-05-01,2024-08-25,Montréal,999,999,0,N,,,,,,,  C,
23 ,Médecine,2301,Direction Médecine,1CYC,MMD,1047,A,Thématiques médecine clinique,TH,3011 ,1,,,,Actif,P,1,Ve,12:30,15:29,2024-05-01,2024-08-25,2024-05-01,2024-08-25,Montréal,999,999,0,N,,,,,,,  C,
23 ,Médecine,2301,Direction Médecine,1CYC,MMD,1047,A,Thématiques médecine clinique,TH,3011 ,1,,,,Actif,P,1,Ma,12:30,15:29,2024-05-01,2024-08-25,2024-05-01,2024-08-25,Montréal,999,999,0,N,,,,,,,  C,
23 ,Médecine,2301,Direction Médecine,1CYC,MMD,1087,A,Travaux cliniques individuels,STG,2985 ,1,,,,Actif,P,1,,00:00,00:00,,,,,Montréal,999,999,0,D,,,,,,,  BRM/EX/EXTM/J,
23 ,Médecine,2301,Direction Médecine,1CYC,MMD,1088A,A,Travaux de rech. individuels 1,PRA,2782 ,1,,,,Actif,P,1,,00:00,00:00,,,,,Montréal,999,999,3,D,,,,,,,  J,
23 ,Médecine,2301,Direction Médecine,1CYC,MMD,1091,A,Initiation à la recherche,PRA,2783 ,1,,,,Actif,P,1,,00:00,00:00,,,,,Montréal,999,30,21,D,,,,,,,  J,
23 ,Médecine,2301,Direction Médecine,1CYC,MMD,1098,A,Santé des premières nations,STG,2993 ,1,,,,Actif,P,1,,00:00,00:00,,,,,Montréal,999,999,6,N,,,,,,,  BRM/EXTM/I/J/LIENDIRECT,
23 ,Médecine,2301,Direction Médecine,1CYC,MMD,1143,A,Espace transit./santé mentale,STG,2986 ,1,,,,Actif,P,1,,00:00,00:00,,,,,Montréal,999,999,0,D,,,,,,,  BRM/EX/EXTM/J,
23 ,Médecine,2301,Direction Médecine,1CYC,MMD,1234,A,Appareil locomoteur,TH,3012 ,1,,,,Actif,P,1,Lu,08:30,11:29,2024-05-01,2024-08-25,2024-05-01,2024-08-25,Montréal,999,999,0,N,,,,,,,  BRM/F/J,
23 ,Médecine,2301,Direction Médecine,1CYC,MMD,1234,A,Appareil locomoteur,TH,3012 ,1,,,,Actif,P,1,Ve,08:30,11:29,2024-05-01,2024-08-25,2024-05-01,2024-08-25,Montréal,999,999,0,N,,,,,,,  BRM/F/J,
23 ,Médecine,2301,Direction Médecine,1CYC,MMD,1234,A,Appareil locomoteur,TH,3012 ,1,,,,Actif,P,1,Lu,12:30,15:29,2024-05-01,2024-08-25,2024-05-01,2024-08-25,Montréal,999,999,0,N,,,,,,,  BRM/F/J,
23 ,Médecine,2301,Direction Médecine,1CYC,MMD,1234,A,Appareil locomoteur,TH,3012 ,1,,,,Actif,P,1,Ve,08:30,11:29,2024-05-01,2024-08-25,2024-05-01,2024-08-25,Montréal,999,999,0,N,,,,,,,  BRM/F/J,
23 ,Médecine,2301,Direction Médecine,1CYC,MMD,1234,A,Appareil locomoteur,TH,3012 ,1,,,,Actif,P,1,Ve,08:30,11:29,2024-05-01,2024-08-25,2024-05-01,2024-08-25,Montréal,999,999,0,N,,,,,,,  BRM/F/J,
23 ,Médecine,2301,Direction Médecine,1CYC,MMD,1234,A,Appareil locomoteur,TH,3012 ,1,,,,Actif,P,1,Ve,08:30,11:29,2024-05-01,2024-08-25,2024-05-01,2024-08-25,Montréal,999,999,0,N,,,,,,,  BRM/F/J,
23 ,Médecine,2301,Direction Médecine,1CYC,MMD,1234,A,Appareil locomoteur,TH,3012 ,1,,,,Actif,P,1,Ma,08:30,11:29,2024-05-01,2024-08-25,2024-05-01,2024-08-25,Montréal,999,999,0,N,,,,,,,  BRM/F/J,
23 ,Médecine,2301,Direction Médecine,1CYC,MMD,1234,A,Appareil locomoteur,TH,3012 ,1,,,,Actif,P,1,Ma,08:30,11:29,2024-05-01,2024-08-25,2024-05-01,2024-08-25,Montréal,999,999,0,N,,,,,,,  BRM/F/J,
23 ,Médecine,2301,Direction Médecine,1CYC,MMD,1239,A,Intro à médecine clinique 2,TH,3013 ,1,,,,Actif,P,1,Lu,08:30,11:29,2024-05-01,2024-08-25,2024-05-01,2024-08-25,Montréal,999,999,0,N,,,,,,,  BRM/I/J,
23 ,Médecine,2301,Direction Médecine,1CYC,MMD,1239,A,Intro à médecine clinique 2,TH,3013 ,1,,,,Actif,P,1,Je,12:30,15:29,2024-05-01,2024-08-25,2024-05-01,2024-08-25,Montréal,999,999,0,N,,,,,,,  BRM/I/J,
23 ,Médecine,2301,Direction Médecine,1CYC,MMD,2234,A,Problèmes systémiques,TH,3014 ,1,,,,Actif,P,1,Lu,08:30,11:29,2024-05-01,2024-08-25,2024-05-01,2024-08-25,Montréal,999,999,0,N,,,,,,,  BRM/J/N,
23 ,Médecine,2301,Direction Médecine,1CYC,MMD,2234,A,Problèmes systémiques,TH,3014 ,1,,,,Actif,P,1,Lu,08:30,11:29,2024-05-01,2024-08-25,2024-05-01,2024-08-25,Montréal,999,999,0,N,,,,,,,  BRM/J/N,
23 ,Médecine,2301,Direction Médecine,1CYC,MMD,2234,A,Problèmes systémiques,TH,3014 ,1,,,,Actif,P,1,Lu,08:30,11:29,2024-05-01,2024-08-25,2024-05-01,2024-08-25,Montréal,999,999,0,N,,,,,,,  BRM/J/N,
23 ,Médecine,2301,Direction Médecine,1CYC,MMD,2234,A,Problèmes systémiques,TH,3014 ,1,,,,Actif,P,1,Ve,12:30,15:29,2024-05-01,2024-08-25,2024-05-01,2024-08-25,Montréal,999,999,0,N,,,,,,,  BRM/J/N,
23 ,Médecine,2301,Direction Médecine,1CYC,MMD,2234,A,Problèmes systémiques,TH,3014 ,1,,,,Actif,P,1,Ve,12:30,15:29,2024-05-01,2024-08-25,2024-05-01,2024-08-25,Montréal,999,999,0,N,,,,,,,  BRM/J/N,
23 ,Médecine,2301,Direction Médecine,1CYC,MMD,2234,A,Problèmes systémiques,TH,3014 ,1,,,,Actif,P,1,Ve,12:30,15:29,2024-05-01,2024-08-25,2024-05-01,2024-08-25,Montréal,999,999,0,N,,,,,,,  BRM/J/N,
23 ,Médecine,2301,Direction Médecine,1CYC,MMD,2234,A,Problèmes systémiques,TH,3014 ,1,,,,Actif,P,1,Ve,12:30,15:29,2024-05-01,2024-08-25,2024-05-01,2024-08-25,Montréal,999,999,0,N,,,,,,,  BRM/J/N,
23 ,Médecine,2301,Direction Médecine,1CYC,MMD,2236,A,Initiation à démarche clin.2,TH,3015 ,1,,,,Actif,P,1,Ma,12:30,15:29,2024-05-01,2024-08-25,2024-05-01,2024-08-25,Montréal,999,999,0,N,,,,,,,  BRM/I/J,
23 ,Médecine,2301,Direction Médecine,1CYC,MMD,3511,A,Stage : Spécialités médicales,STG,2466 ,1,,,,Actif,P,1,,00:00,00:00,,,,,Montréal,999,999,1,N,,,,,,,  EXTM/J,
23 ,Médecine,2301,Direction Médecine,1CYC,MMD,3511A,A,Stage : Allergie,STG,2467 ,1,,,,Actif,P,1,,00:00,00:00,,,,,Montréal,999,999,0,N,,,,,,,  EXTM/J,
23 ,Médecine,2301,Direction Médecine,1CYC,MMD,3511B,A,Stage : Cardiologie,STG,2468 ,1,,,,Actif,P,1,,00:00,00:00,,,,,Montréal,999,999,3,N,,,,,,,  EXTM/J,
23 ,Médecine,2301,Direction Médecine,1CYC,MMD,3511C,A,Stage : Dermatologie,STG,2469 ,1,,,,Actif,P,1,,00:00,00:00,,,,,Montréal,999,999,0,N,,,,,,,  EXTM/J,
23 ,Médecine,2301,Direction Médecine,1CYC,MMD,3511D,A,Stage : Endocrinologie,STG,2470 ,1,,,,Actif,P,1,,00:00,00:00,,,,,Montréal,999,999,1,N,,,,,,,  EXTM/J,
23 ,Médecine,2301,Direction Médecine,1CYC,MMD,3511E,A,Stage : Gastro-entérologie,STG,2471 ,1,,,,Actif,P,1,,00:00,00:00,,,,,Montréal,999,999,1,N,,,,,,,  EXTM/J,
23 ,Médecine,2301,Direction Médecine,1CYC,MMD,3511H,A,Stage : Gériatrie,STG,2472 ,1,,,,Actif,P,1,,00:00,00:00,,,,,Montréal,999,999,1,N,,,,,,,  EXTM/J,
23 ,Médecine,2301,Direction Médecine,1CYC,MMD,3511I,A,Stage : Hématologie,STG,2473 ,1,,,,Actif,P,1,,00:00,00:00,,,,,Montréal,999,999,0,N,,,,,,,  EXTM/J,
23 ,Médecine,2301,Direction Médecine,1CYC,MMD,3511J,A,Stage : Médecine interne,STG,2474 ,1,,,,Actif,P,1,,00:00,00:00,,,,,Montréal,999,999,1,N,,,,,,,  EXTM/J,
23 ,Médecine,2301,Direction Médecine,1CYC,MMD,3511K,A,Stage : Néphrologie,STG,2475 ,1,,,,Actif,P,1,,00:00,00:00,,,,,Montréal,999,999,1,N,,,,,,,  EXTM/J,
23 ,Médecine,2301,Direction Médecine,1CYC,MMD,3511L,A,Stage : Neurologie,STG,2476 ,1,,,,Actif,P,1,,00:00,00:00,,,,,Montréal,999,999,0,N,,,,,,,  EXTM/J,
23 ,Médecine,2301,Direction Médecine,1CYC,MMD,3511M,A,Stage : Oncologie médicale,STG,2477 ,1,,,,Actif,P,1,,00:00,00:00,,,,,Montréal,999,999,0,N,,,,,,,  EXTM/J,
23 ,Médecine,2301,Direction Médecine,1CYC,MMD,3511N,A,Stage : Physiatrie,STG,2478 ,1,,,,Actif,P,1,,00:00,00:00,,,,,Montréal,999,999,0,N,,,,,,,  EXTM/J,
23 ,Médecine,2301,Direction Médecine,1CYC,MMD,3511O,A,Stage : Pneumologie,STG,2479 ,1,,,,Actif,P,1,,00:00,00:00,,,,,Montréal,999,999,1,N,,,,,,,  EXTM/J,
23 ,Médecine,2301,Direction Médecine,1CYC,MMD,3511P,A,Stage : Rhumatologie,STG,2480 ,1,,,,Actif,P,1,,00:00,00:00,,,,,Montréal,999,999,1,N,,,,,,,  EXTM/J,
23 ,Médecine,2301,Direction Médecine,1CYC,MMD,3511R,A,Stage Hématologie et oncologie,STG,2481 ,1,,,,Actif,P,1,,00:00,00:00,,,,,Montréal,999,999,2,N,,,,,,,  EXTM/J,
23 ,Médecine,2301,Direction Médecine,1CYC,MMD,3511S,A,Stage Laboratoire des lipides,STG,2482 ,1,,,,Actif,P,1,,00:00,00:00,,,,,Montréal,999,999,0,N,,,,,,,  EXTM/J,
23 ,Médecine,2301,Direction Médecine,1CYC,MMD,3511T,A,Stage : Nutrition appliquée,STG,2483 ,1,,,,Actif,P,1,,00:00,00:00,,,,,Montréal,999,999,0,N,,,,,,,  EXTM/J,
23 ,Médecine,2301,Direction Médecine,1CYC,MMD,3511V,A,Stage : Hépatologie,STG,2484 ,1,,,,Actif,P,1,,00:00,00:00,,,,,Montréal,999,999,0,N,,,,,,,  EXTM/J,
23 ,Médecine,2301,Direction Médecine,1CYC,MMD,3511W,A,Stage Soins intensifs médicaux,STG,2485 ,1,,,,Actif,P,1,,00:00,00:00,,,,,Montréal,999,999,2,N,,,,,,,  EXTM/J,
23 ,Médecine,2301,Direction Médecine,1CYC,MMD,3511X,A,Stage : médecine génique,STG,2486 ,1,,,,Actif,P,1,,00:00,00:00,,,,,Montréal,999,999,0,N,,,,,,,  EXTM/J,
23 ,Médecine,2301,Direction Médecine,1CYC,MMD,3512,A,Stage Spécialités chirurg.,STG,2487 ,1,,,,Actif,P,1,,00:00,00:00,,,,,Montréal,999,999,0,N,,,,,,,  EXTM/J,
23 ,Médecine,2301,Direction Médecine,1CYC,MMD,3512A,A,Stage : chirurgie cardiaque,STG,2488 ,1,,,,Actif,P,1,,00:00,00:00,,,,,Montréal,999,999,0,N,,,,,,,  EXTM/J,
23 ,Médecine,2301,Direction Médecine,1CYC,MMD,3512B,A,Stage : Chirurgie générale,STG,2489 ,1,,,,Actif,P,1,,00:00,00:00,,,,,Montréal,999,999,1,N,,,,,,,  EXTM/J,
23 ,Médecine,2301,Direction Médecine,1CYC,MMD,3512C,A,Stage Chir. gén. pédiatrique,STG,2490 ,1,,,,Actif,P,1,,00:00,00:00,,,,,Montréal,999,999,0,N,,,,,,,  EXTM/J,
23 ,Médecine,2301,Direction Médecine,1CYC,MMD,3512D,A,Stage : Chirurgie orthopédique,STG,2491 ,1,,,,Actif,P,1,,00:00,00:00,,,,,Montréal,999,999,0,N,,,,,,,  EXTM/J,
23 ,Médecine,2301,Direction Médecine,1CYC,MMD,3512E,A,Stage : Chirurgie plastique,STG,2492 ,1,,,,Actif,P,1,,00:00,00:00,,,,,Montréal,999,999,2,N,,,,,,,  EXTM/J,
23 ,Médecine,2301,Direction Médecine,1CYC,MMD,3512H,A,Stage : Neurochirurgie,STG,2493 ,1,,,,Actif,P,1,,00:00,00:00,,,,,Montréal,999,999,0,N,,,,,,,  EXTM/J,
23 ,Médecine,2301,Direction Médecine,1CYC,MMD,3512I,A,Stage : Oto-rhino-laryngologie,STG,2494 ,1,,,,Actif,P,1,,00:00,00:00,,,,,Montréal,999,999,2,N,,,,,,,  EXTM/J,
23 ,Médecine,2301,Direction Médecine,1CYC,MMD,3512J,A,Stage : Urologie,STG,2495 ,1,,,,Actif,P,1,,00:00,00:00,,,,,Montréal,999,999,0,N,,,,,,,  EXTM/J,
23 ,Médecine,2301,Direction Médecine,1CYC,MMD,3512K,A,Stage: chirurgie thoracique,STG,2496 ,1,,,,Actif,P,1,,00:00,00:00,,,,,Montréal,999,999,0,N,,,,,,,  EXTM/J,
23 ,Médecine,2301,Direction Médecine,1CYC,MMD,3512L,A,Stage : Chirurgie vasculaire,STG,2497 ,1,,,,Actif,P,1,,00:00,00:00,,,,,Montréal,999,999,2,N,,,,,,,  EXTM/J,
23 ,Médecine,2301,Direction Médecine,1CYC,MMD,3512M,A,Stage Soins ambulatoires chir.,STG,2498 ,1,,,,Actif,P,1,,00:00,00:00,,,,,Montréal,999,999,0,N,,,,,,,  EXTM/J,
23 ,Médecine,2301,Direction Médecine,1CYC,MMD,3512N,A,Stage Soins intensifs chir.,STG,2499 ,1,,,,Actif,P,1,,00:00,00:00,,,,,Montréal,999,999,0,N,,,,,,,  EXTM/J,
23 ,Médecine,2301,Direction Médecine,1CYC,MMD,3512O,A,Stage : chirurgie digestive,STG,2500 ,1,,,,Actif,P,1,,00:00,00:00,,,,,Montréal,999,999,0,N,,,,,,,  EXTM/J,
23 ,Médecine,2301,Direction Médecine,1CYC,MMD,3512P,A,Stage : chir. hépatobiliaire,STG,2501 ,1,,,,Actif,P,1,,00:00,00:00,,,,,Montréal,999,999,1,N,,,,,,,  EXTM/J,
23 ,Médecine,2301,Direction Médecine,1CYC,MMD,3513A,A,Stage : Santé communautaire,STG,2502 ,1,,,,Actif,P,1,,00:00,00:00,,,,,Montréal,999,999,0,N,,,,,,,  EXTM/J,
23 ,Médecine,2301,Direction Médecine,1CYC,MMD,3513B,A,Stage : Recherche,STG,2503 ,1,,,,Actif,P,1,,00:00,00:00,,,,,Montréal,999,999,0,N,,,,,,,  EXTM/J,
23 ,Médecine,2301,Direction Médecine,1CYC,MMD,3513C,A,Interv. pays en développement,STG,2504 ,1,,,,Actif,P,1,,00:00,00:00,,,,,Montréal,999,999,0,N,,,,,,,  EXTM/J,
23 ,Médecine,2301,Direction Médecine,1CYC,MMD,3515,A,Stage : Pédiatrie globale,STG,2505 ,1,,,,Actif,P,1,,00:00,00:00,,,,,Montréal,999,999,2,N,,,,,,,  EXTM/J,
23 ,Médecine,2301,Direction Médecine,1CYC,MMD,3515A,A,Stage : Néonatalogie,STG,2506 ,1,,,,Actif,P,1,,00:00,00:00,,,,,Montréal,999,999,0,N,,,,,,,  EXTM/J,
23 ,Médecine,2301,Direction Médecine,1CYC,MMD,3515C,A,Stage Pédiatrie du dévelop.,STG,2507 ,1,,,,Actif,P,1,,00:00,00:00,,,,,Montréal,999,999,1,N,,,,,,,  EXTM/J,
23 ,Médecine,2301,Direction Médecine,1CYC,MMD,3515D,A,Stage Pédiatrie - âge scolaire,STG,2508 ,1,,,,Actif,P,1,,00:00,00:00,,,,,Montréal,999,999,0,N,,,,,,,  EXTM/J,
23 ,Médecine,2301,Direction Médecine,1CYC,MMD,3515E,A,Stage Méd. de l'adolescence,STG,2509 ,1,,,,Actif,P,1,,00:00,00:00,,,,,Montréal,999,999,0,N,,,,,,,  EXTM/J,
23 ,Médecine,2301,Direction Médecine,1CYC,MMD,3515H,A,Stage : Urgences pédiatriques,STG,2510 ,1,,,,Actif,P,1,,00:00,00:00,,,,,Montréal,999,999,1,N,,,,,,,  EXTM/J,
23 ,Médecine,2301,Direction Médecine,1CYC,MMD,3515I,A,Stage Soins intensifs péd.,STG,2511 ,1,,,,Actif,P,1,,00:00,00:00,,,,,Montréal,999,999,0,N,,,,,,,  EXTM/J,
23 ,Médecine,2301,Direction Médecine,1CYC,MMD,3515J,A,St. Maladies infectieuses péd.,STG,2527 ,1,,,,Actif,P,1,,00:00,00:00,,,,,Montréal,999,999,0,N,,,,,,,  EXTM/J,
23 ,Médecine,2301,Direction Médecine,1CYC,MMD,3515K,A,Stage : Pédiatrie ambulatoire,STG,2526 ,1,,,,Actif,P,1,,00:00,00:00,,,,,Montréal,999,999,2,N,,,,,,,  EXTM/J,
23 ,Médecine,2301,Direction Médecine,1CYC,MMD,3515L,A,Stage Immunologie pédiatrique,STG,2525 ,1,,,,Actif,P,1,,00:00,00:00,,,,,Montréal,999,999,0,N,,,,,,,  EXTM/J,
23 ,Médecine,2301,Direction Médecine,1CYC,MMD,3515M,A,Stage Cardiologie pédiatrique,STG,2524 ,1,,,,Actif,P,1,,00:00,00:00,,,,,Montréal,999,999,0,N,,,,,,,  EXTM/J,
23 ,Médecine,2301,Direction Médecine,1CYC,MMD,3515N,A,Stage Dermatologie pédiatrique,STG,2523 ,1,,,,Actif,P,1,,00:00,00:00,,,,,Montréal,999,999,1,N,,,,,,,  EXTM/J,
23 ,Médecine,2301,Direction Médecine,1CYC,MMD,3515O,A,Stage Endocrinol. pédiatrique,STG,2522 ,1,,,,Actif,P,1,,00:00,00:00,,,,,Montréal,999,999,1,N,,,,,,,  EXTM/J,
23 ,Médecine,2301,Direction Médecine,1CYC,MMD,3515P,A,Stage Gastro-entérologie péd.,STG,2521 ,1,,,,Actif,P,1,,00:00,00:00,,,,,Montréal,999,999,0,N,,,,,,,  EXTM/J,
23 ,Médecine,2301,Direction Médecine,1CYC,MMD,3515Q,A,"Stage Hémato., oncologie péd.",STG,2520 ,1,,,,Actif,P,1,,00:00,00:00,,,,,,999,999,0,N,,,,,,,  EXTM/J,
23 ,Médecine,2301,Direction Médecine,1CYC,MMD,3515R,A,Stage Néphrologie pédiatrique,STG,2519 ,1,,,,Actif,P,1,,00:00,00:00,,,,,Montréal,999,999,0,N,,,,,,,  EXTM/J,
23 ,Médecine,2301,Direction Médecine,1CYC,MMD,3515S,A,Stage : Neurologie pédiatrique,STG,2518 ,1,,,,Actif,P,1,,00:00,00:00,,,,,Montréal,999,999,0,N,,,,,,,  EXTM/J,
23 ,Médecine,2301,Direction Médecine,1CYC,MMD,3515T,A,Stage Réadaptation pédiatrique,STG,2517 ,1,,,,Actif,P,1,,00:00,00:00,,,,,Montréal,999,999,0,N,,,,,,,  EXTM/J,
23 ,Médecine,2301,Direction Médecine,1CYC,MMD,3515U,A,Stage Pneumologie pédiatrique,STG,2516 ,1,,,,Actif,P,1,,00:00,00:00,,,,,Montréal,999,999,1,N,,,,,,,  EXTM/J,
23 ,Médecine,2301,Direction Médecine,1CYC,MMD,3515V,A,"St. Génétique, maladies métab.",STG,2515 ,1,,,,Actif,P,1,,00:00,00:00,,,,,,999,999,1,N,,,,,,,  EXTM/J,
23 ,Médecine,2301,Direction Médecine,1CYC,MMD,3515W,A,Stage Pédiatrie internationale,STG,2514 ,1,,,,Actif,P,1,,00:00,00:00,,,,,Montréal,999,999,0,N,,,,,,,  EXTM/J,
23 ,Médecine,2301,Direction Médecine,1CYC,MMD,3515X,A,Stage : Pédiatrie sociale,STG,2513 ,1,,,,Actif,P,1,,00:00,00:00,,,,,Montréal,999,999,0,N,,,,,,,  EXTM/J,
23 ,Médecine,2301,Direction Médecine,1CYC,MMD,3515Y,A,Stage : allergie pédiatrique,STG,2512 ,1,,,,Actif,P,1,,00:00,00:00,,,,,Montréal,999,999,0,N,,,,,,,  EXTM/J,
23 ,Médecine,2301,Direction Médecine,1CYC,MMD,3516,A,Stage : Psychiatrie,STG,2528 ,1,,,,Actif,P,1,,00:00,00:00,,,,,Montréal,999,999,2,N,,,,,,,  EXTM/J,
23 ,Médecine,2301,Direction Médecine,1CYC,MMD,3516A,A,Stage Psychiatrie pédiatrique,STG,2529 ,1,,,,Actif,P,1,,00:00,00:00,,,,,Montréal,999,999,0,N,,,,,,,  EXTM/J,
23 ,Médecine,2301,Direction Médecine,1CYC,MMD,3516B,A,Stage Psychiatrie de l'adulte,STG,2530 ,1,,,,Actif,P,1,,00:00,00:00,,,,,Montréal,999,999,0,N,,,,,,,  EXTM/J,
23 ,Médecine,2301,Direction Médecine,1CYC,MMD,3516C,A,Stage : Psychogériatrie,STG,2531 ,1,,,,Actif,P,1,,00:00,00:00,,,,,Montréal,999,999,0,N,,,,,,,  EXTM/J,
23 ,Médecine,2301,Direction Médecine,1CYC,MMD,3516D,A,Stage : Psychosomatique,STG,2532 ,1,,,,Actif,P,1,,00:00,00:00,,,,,Montréal,999,999,0,N,,,,,,,  EXTM/J,
23 ,Médecine,2301,Direction Médecine,1CYC,MMD,3516E,A,Stage : Psychiatrie légale,STG,2533 ,1,,,,Actif,P,1,,00:00,00:00,,,,,Montréal,999,999,3,N,,,,,,,  EXTM/J,
23 ,Médecine,2301,Direction Médecine,1CYC,MMD,3516F,A,Stage:soins ambulatoires pédo.,STG,2534 ,1,,,,Actif,P,1,,00:00,00:00,,,,,Montréal,999,999,0,N,,,,,,,  EXTM/J,
23 ,Médecine,2301,Direction Médecine,1CYC,MMD,3517,A,Stage : Médecine familiale,STG,2535 ,1,,,,Actif,P,1,,00:00,00:00,,,,,Montréal,999,999,4,N,,,,,,,  EXTM/J,
23 ,Médecine,2301,Direction Médecine,1CYC,MMD,3517A,A,Stage Omnipratique en régions,STG,2536 ,1,,,,Actif,P,1,,00:00,00:00,,,,,Montréal,999,999,0,N,,,,,,,  EXTM/J,
23 ,Médecine,2301,Direction Médecine,1CYC,MMD,3517B,A,Stage : Soins d'urgence,STG,2537 ,1,,,,Actif,P,1,,00:00,00:00,,,,,Montréal,999,999,1,N,,,,,,,  EXTM/J,
23 ,Médecine,2301,Direction Médecine,1CYC,MMD,3517C,A,Stage Urgences cardiologiques,STG,2538 ,1,,,,Actif,P,1,,00:00,00:00,,,,,Montréal,999,999,0,N,,,,,,,  EXTM/J,
23 ,Médecine,2301,Direction Médecine,1CYC,MMD,3517D,A,Stage  Médecine du sport,STG,2539 ,1,,,,Actif,P,1,,00:00,00:00,,,,,Montréal,999,999,0,N,,,,,,,  EXTM/J,
23 ,Médecine,2301,Direction Médecine,1CYC,MMD,3517E,A,Stage : Soins palliatifs,STG,2540 ,1,,,,Actif,P,1,,00:00,00:00,,,,,Montréal,999,999,0,N,,,,,,,  EXTM/J,
23 ,Médecine,2301,Direction Médecine,1CYC,MMD,3517F,A,Stage Diversité en méd. famil.,STG,2541 ,1,,,,Actif,P,1,,00:00,00:00,,,,,Montréal,999,999,0,N,,,,,,,  EXTM/J,
23 ,Médecine,2301,Direction Médecine,1CYC,MMD,3518,A,Stage Obstétrique-gynécologie,STG,2542 ,1,,,,Actif,P,1,,00:00,00:00,,,,,Montréal,999,999,1,N,,,,,,,  EXTM/J,
23 ,Médecine,2301,Direction Médecine,1CYC,MMD,3518A,A,Stage : Obstétrique médicale,STG,2543 ,1,,,,Actif,P,1,,00:00,00:00,,,,,Montréal,999,999,1,N,,,,,,,  EXTM/J,
23 ,Médecine,2301,Direction Médecine,1CYC,MMD,3518B,A,Stage : Obstétrique générale,STG,2544 ,1,,,,Actif,P,1,,00:00,00:00,,,,,Montréal,999,999,0,N,,,,,,,  EXTM/J,
23 ,Médecine,2301,Direction Médecine,1CYC,MMD,3518C,A,Stage : oncologie gynéco.,STG,2545 ,1,,,,Actif,P,1,,00:00,00:00,,,,,Montréal,999,999,0,N,,,,,,,  EXTM/J,
23 ,Médecine,2301,Direction Médecine,1CYC,MMD,3518D,A,Stage clin.:soins ambul.gynéco,STG,2546 ,1,,,,Actif,P,1,,00:00,00:00,,,,,HorsCampus,999,999,0,N,,,,,,,  C/EXTM/J,
23 ,Médecine,2301,Direction Médecine,1CYC,MMD,3519,A,Stage : Anesthésie-réanimation,STG,2547 ,1,,,,Actif,P,1,,00:00,00:00,,,,,Montréal,999,999,3,N,,,,,,,  EXTM/J,
23 ,Médecine,2301,Direction Médecine,1CYC,MMD,3520,A,Stage : Radiologie,STG,2548 ,1,,,,Actif,P,1,,00:00,00:00,,,,,Montréal,999,999,0,N,,,,,,,  EXTM/J,
23 ,Médecine,2301,Direction Médecine,1CYC,MMD,3520A,A,Stage Radiologie générale,STG,2549 ,1,,,,Actif,P,1,,00:00,00:00,,,,,Montréal,999,999,0,N,,,,,,,  EXTM/J,
23 ,Médecine,2301,Direction Médecine,1CYC,MMD,3520B,A,Stage : Médecine nucléaire,STG,2550 ,1,,,,Actif,P,1,,00:00,00:00,,,,,Montréal,999,999,0,N,,,,,,,  EXTM/J,
23 ,Médecine,2301,Direction Médecine,1CYC,MMD,3520C,A,Stage : Radiologie oncologique,STG,2551 ,1,,,,Actif,P,1,,00:00,00:00,,,,,Montréal,999,999,0,N,,,,,,,  EXTM/J,
23 ,Médecine,2301,Direction Médecine,1CYC,MMD,3520D,A,Stage Neuroradio intervent.,STG,2552 ,1,,,,Actif,P,1,,00:00,00:00,,,,,Montréal,999,999,0,N,,,,,,,  EXTM/J,
23 ,Médecine,2301,Direction Médecine,1CYC,MMD,3520E,A,Stage Radio interventionnelle,STG,2553 ,1,,,,Actif,P,1,,00:00,00:00,,,,,Montréal,999,999,0,N,,,,,,,  EXTM/J,
23 ,Médecine,2301,Direction Médecine,1CYC,MMD,3520F,A,Stage: neuroradio. diagnost.,STG,2554 ,1,,,,Actif,P,1,,00:00,00:00,,,,,Montréal,999,999,0,N,,,,,,,  EXTM/J,
23 ,Médecine,2301,Direction Médecine,1CYC,MMD,3520G,A,Stage : radiologie digestive,STG,2555 ,1,,,,Actif,P,1,,00:00,00:00,,,,,Montréal,999,999,0,N,,,,,,,  EXTM/J,
23 ,Médecine,2301,Direction Médecine,1CYC,MMD,3521,A,Stage : Ophtalmologie,STG,2556 ,1,,,,Actif,P,1,,00:00,00:00,,,,,Montréal,999,999,0,N,,,,,,,  EXTM/J,
23 ,Médecine,2301,Direction Médecine,1CYC,MMD,3522,A,Stage : Nutrition,STG,2557 ,1,,,,Actif,P,1,,00:00,00:00,,,,,Montréal,999,999,0,N,,,,,,,  EXTM/J,
23 ,Médecine,2301,Direction Médecine,1CYC,MMD,3523,A,Stage : Pathologie,STG,2558 ,1,,,,Actif,P,1,,00:00,00:00,,,,,Montréal,999,999,0,N,,,,,,,  EXTM/J,
23 ,Médecine,2301,Direction Médecine,1CYC,MMD,3523A,A,Stage : anatomie avancée,STG,2559 ,1,,,,Actif,P,1,,00:00,00:00,,,,,Montréal,999,999,0,N,,,,,,,  EXTM/J,
23 ,Médecine,2301,Direction Médecine,1CYC,MMD,3524,A,Stage : Biochimie médicale,STG,2560 ,1,,,,Actif,P,1,,00:00,00:00,,,,,Montréal,999,999,0,N,,,,,,,  EXTM/J,
23 ,Médecine,2301,Direction Médecine,1CYC,MMD,3525,A,Stage : Microbiologie médicale,STG,2561 ,1,,,,Actif,P,1,,00:00,00:00,,,,,Montréal,999,999,0,N,,,,,,,  EXTM/J,
23 ,Médecine,2301,Direction Médecine,1CYC,MMD,3526,A,Stage : Pharmacologie clinique,STG,2562 ,1,,,,Actif,P,1,,00:00,00:00,,,,,Montréal,999,999,0,N,,,,,,,  EXTM/J,
23 ,Médecine,2301,Direction Médecine,1CYC,MMD,35522,A,Prat. méd. contempo. société 2,TH,2448 ,1,,,,Actif,P,1,,00:00,00:00,,,,,Montréal,999,999,312,N,,,,,,,  C/DERNIER,
23 ,Médecine,2301,Direction Médecine,1CYC,MMD,35522,T,Prat. méd. contempo. société 2,TH,2676 ,2,,,,Actif,P,1,,00:00,00:00,,,,,Trois-Riv.,999,999,0,N,,,,,,,  C/DERNIER,
23 ,Médecine,2301,Direction Médecine,1CYC,MMD,3556,A,Stage méd. sociale engagée,STG,2452 ,1,,,,Actif,P,1,,00:00,00:00,,,,,Montréal,999,999,48,N,,,,,,,  DESC/EXTM/J,
23 ,Médecine,2301,Direction Médecine,1CYC,MMD,3557,A,Soins palliatifs,STG,2453 ,1,,,,Actif,P,1,,00:00,00:00,,,,,Montréal,999,999,49,N,,,,,,,  C/EXTM/J,
23 ,Médecine,2301,Direction Médecine,1CYC,MMD,35613,A,Profession MD/Éthique clin. 3,TH,2449 ,1,,,,Actif,P,1,Ma,08:30,11:29,2024-06-04,2024-06-04,2024-06-03,2024-08-23,Montréal,320,320,312,N,,,,,,,  C/DERNIER,
23 ,Médecine,2301,Direction Médecine,1CYC,MMD,35613,A,Profession MD/Éthique clin. 3,TH,2449 ,1,,,,Actif,P,1,Ma,12:30,15:29,2024-06-04,2024-06-04,2024-06-03,2024-08-23,Montréal,320,320,312,N,,,,,,,  C/DERNIER,
23 ,Médecine,2301,Direction Médecine,1CYC,MMD,35613,A,Profession MD/Éthique clin. 3,TH,2449 ,1,,,,Actif,P,1,Me,08:30,11:29,2024-06-05,2024-06-05,2024-06-03,2024-08-23,Montréal,320,320,312,N,,,,,,,  C/DERNIER,
23 ,Médecine,2301,Direction Médecine,1CYC,MMD,35613,A,Profession MD/Éthique clin. 3,TH,2449 ,1,,,,Actif,P,1,Me,12:30,15:29,2024-06-05,2024-06-05,2024-06-03,2024-08-23,Montréal,320,320,312,N,,,,,,,  C/DERNIER,
23 ,Médecine,2301,Direction Médecine,1CYC,MMD,35613,A,Profession MD/Éthique clin. 3,TH,2449 ,1,,,,Actif,P,1,Je,08:30,11:29,2024-06-06,2024-06-06,2024-06-03,2024-08-23,Montréal,320,320,312,N,,,,,,,  C/DERNIER,
23 ,Médecine,2301,Direction Médecine,1CYC,MMD,35613,A,Profession MD/Éthique clin. 3,TH,2449 ,1,,,,Actif,P,1,Je,12:30,15:29,2024-06-06,2024-06-06,2024-06-03,2024-08-23,Montréal,320,320,312,N,,,,,,,  C/DERNIER,
23 ,Médecine,2301,Direction Médecine,1CYC,MMD,35613,A,Profession MD/Éthique clin. 3,TH,2449 ,1,,,,Actif,P,1,Ve,08:30,11:29,2024-06-07,2024-06-07,2024-06-03,2024-08-23,Montréal,320,320,312,N,,,,,,,  C/DERNIER,
23 ,Médecine,2301,Direction Médecine,1CYC,MMD,35613,A,Profession MD/Éthique clin. 3,TH,2449 ,1,,,,Actif,P,1,Ve,12:30,15:29,2024-06-07,2024-06-07,2024-06-03,2024-08-23,Montréal,320,320,312,N,,,,,,,  C/DERNIER,
23 ,Médecine,2301,Direction Médecine,1CYC,MMD,35613,A,Profession MD/Éthique clin. 3,TH,2449 ,1,,,,Actif,P,1,Ve,08:30,11:29,2024-06-07,2024-06-07,2024-06-03,2024-08-23,Montréal,320,320,312,N,,,,,,,  C/DERNIER,
23 ,Médecine,2301,Direction Médecine,1CYC,MMD,35613,A,Profession MD/Éthique clin. 3,TH,2449 ,1,,,,Actif,P,1,Ve,08:30,11:29,2024-06-07,2024-06-07,2024-06-03,2024-08-23,Montréal,320,320,312,N,,,,,,,  C/DERNIER,
23 ,Médecine,2301,Direction Médecine,1CYC,MMD,35613,A,Profession MD/Éthique clin. 3,TH,2449 ,1,,,,Actif,P,1,Ve,08:30,11:29,2024-06-07,2024-06-07,2024-06-03,2024-08-23,Montréal,320,320,312,N,,,,,,,  C/DERNIER,
23 ,Médecine,2301,Direction Médecine,1CYC,MMD,35613,A,Profession MD/Éthique clin. 3,TH,2449 ,1,,,,Actif,P,1,Ve,08:30,11:29,2024-06-07,2024-06-07,2024-06-03,2024-08-23,Montréal,320,320,312,N,,,,,,,  C/DERNIER,
23 ,Médecine,2301,Direction Médecine,1CYC,MMD,35613,A,Profession MD/Éthique clin. 3,TH,2449 ,1,,,,Actif,P,1,Ve,08:30,11:29,2024-06-07,2024-06-07,2024-06-03,2024-08-23,Montréal,320,320,312,N,,,,,,,  C/DERNIER,
23 ,Médecine,2301,Direction Médecine,1CYC,MMD,35613,A,Profession MD/Éthique clin. 3,TH,2449 ,1,,,,Actif,P,1,Ve,08:30,11:29,2024-06-07,2024-06-07,2024-06-03,2024-08-23,Montréal,320,320,312,N,,,,,,,  C/DERNIER,
23 ,Médecine,2301,Direction Médecine,1CYC,MMD,35613,A,Profession MD/Éthique clin. 3,TH,2449 ,1,,,,Actif,P,1,Ve,08:30,11:29,2024-06-07,2024-06-07,2024-06-03,2024-08-23,Montréal,320,320,312,N,,,,,,,  C/DERNIER,
23 ,Médecine,2301,Direction Médecine,1CYC,MMD,35613,A,Profession MD/Éthique clin. 3,TH,2449 ,1,,,,Actif,P,1,Ve,08:30,11:29,2024-06-07,2024-06-07,2024-06-03,2024-08-23,Montréal,320,320,312,N,,,,,,,  C/DERNIER,
23 ,Médecine,2301,Direction Médecine,1CYC,MMD,35613,A,Profession MD/Éthique clin. 3,TH,2449 ,1,,,,Actif,P,1,Ve,12:30,15:29,2024-06-07,2024-06-07,2024-06-03,2024-08-23,Montréal,320,320,312,N,,,,,,,  C/DERNIER,
23 ,Médecine,2301,Direction Médecine,1CYC,MMD,35613,A,Profession MD/Éthique clin. 3,TH,2449 ,1,,,,Actif,P,1,Ve,12:30,15:29,2024-06-07,2024-06-07,2024-06-03,2024-08-23,Montréal,320,320,312,N,,,,,,,  C/DERNIER,
23 ,Médecine,2301,Direction Médecine,1CYC,MMD,35613,A,Profession MD/Éthique clin. 3,TH,2449 ,1,,,,Actif,P,1,Ve,12:30,15:29,2024-06-07,2024-06-07,2024-06-03,2024-08-23,Montréal,320,320,312,N,,,,,,,  C/DERNIER,
23 ,Médecine,2301,Direction Médecine,1CYC,MMD,35613,A,Profession MD/Éthique clin. 3,TH,2449 ,1,,,,Actif,P,1,Ve,12:30,15:29,2024-06-07,2024-06-07,2024-06-03,2024-08-23,Montréal,320,320,312,N,,,,,,,  C/DERNIER,
23 ,Médecine,2301,Direction Médecine,1CYC,MMD,35613,A,Profession MD/Éthique clin. 3,TH,2449 ,1,,,,Actif,P,1,Ve,12:30,15:29,2024-06-07,2024-06-07,2024-06-03,2024-08-23,Montréal,320,320,312,N,,,,,,,  C/DERNIER,
23 ,Médecine,2301,Direction Médecine,1CYC,MMD,35613,A,Profession MD/Éthique clin. 3,TH,2449 ,1,,,,Actif,P,1,Lu,08:30,11:29,2024-06-03,2024-06-03,2024-06-03,2024-08-23,Montréal,320,320,312,N,,,,,,,  C/DERNIER,
23 ,Médecine,2301,Direction Médecine,1CYC,MMD,35613,A,Profession MD/Éthique clin. 3,TH,2449 ,1,,,,Actif,P,1,Lu,12:30,15:29,2024-06-03,2024-06-03,2024-06-03,2024-08-23,Montréal,320,320,312,N,,,,,,,  C/DERNIER,
23 ,Médecine,2301,Direction Médecine,1CYC,MMD,35613,A,Profession MD/Éthique clin. 3,TH,2449 ,1,,,,Actif,P,1,Lu,08:30,11:29,2024-08-19,2024-08-19,2024-06-03,2024-08-23,Montréal,320,320,312,N,,,,,,,  C/DERNIER,
23 ,Médecine,2301,Direction Médecine,1CYC,MMD,35613,A,Profession MD/Éthique clin. 3,TH,2449 ,1,,,,Actif,P,1,Lu,12:30,15:29,2024-08-19,2024-08-19,2024-06-03,2024-08-23,Montréal,320,320,312,N,,,,,,,  C/DERNIER,
23 ,Médecine,2301,Direction Médecine,1CYC,MMD,35613,A,Profession MD/Éthique clin. 3,TH,2449 ,1,,,,Actif,P,1,Ma,08:30,11:29,2024-08-20,2024-08-20,2024-06-03,2024-08-23,Montréal,320,320,312,N,,,,,,,  C/DERNIER,
23 ,Médecine,2301,Direction Médecine,1CYC,MMD,35613,A,Profession MD/Éthique clin. 3,TH,2449 ,1,,,,Actif,P,1,Ma,12:30,15:29,2024-08-20,2024-08-20,2024-06-03,2024-08-23,Montréal,320,320,312,N,,,,,,,  C/DERNIER,
23 ,Médecine,2301,Direction Médecine,1CYC,MMD,35613,A,Profession MD/Éthique clin. 3,TH,2449 ,1,,,,Actif,P,1,Me,12:30,15:29,2024-08-21,2024-08-21,2024-06-03,2024-08-23,Montréal,320,320,312,N,,,,,,,  C/DERNIER,
23 ,Médecine,2301,Direction Médecine,1CYC,MMD,35613,A,Profession MD/Éthique clin. 3,TH,2449 ,1,,,,Actif,P,1,Je,08:30,11:29,2024-08-22,2024-08-22,2024-06-03,2024-08-23,Montréal,320,320,312,N,,,,,,,  C/DERNIER,
23 ,Médecine,2301,Direction Médecine,1CYC,MMD,35613,A,Profession MD/Éthique clin. 3,TH,2449 ,1,,,,Actif,P,1,Je,12:30,15:29,2024-08-22,2024-08-22,2024-06-03,2024-08-23,Montréal,320,320,312,N,,,,,,,  C/DERNIER,
23 ,Médecine,2301,Direction Médecine,1CYC,MMD,35613,A,Profession MD/Éthique clin. 3,TH,2449 ,1,,,,Actif,P,1,Ve,08:30,11:29,2024-08-23,2024-08-23,2024-06-03,2024-08-23,Montréal,320,320,312,N,,,,,,,  C/DERNIER,
23 ,Médecine,2301,Direction Médecine,1CYC,MMD,35613,A,Profession MD/Éthique clin. 3,TH,2449 ,1,,,,Actif,P,1,Ve,12:30,15:29,2024-08-23,2024-08-23,2024-06-03,2024-08-23,Montréal,320,320,312,N,,,,,,,  C/DERNIER,
23 ,Médecine,2301,Direction Médecine,1CYC,MMD,35613,A,Profession MD/Éthique clin. 3,TH,2449 ,1,,,,Actif,P,1,Me,08:30,11:29,2024-08-21,2024-08-21,2024-06-03,2024-08-23,Montréal,320,320,312,N,,,,,,,  C/DERNIER,
23 ,Médecine,2301,Direction Médecine,1CYC,MMD,35613,A,Profession MD/Éthique clin. 3,TH,2449 ,1,,,,Actif,P,1,Ve,08:30,11:29,2024-06-07,2024-06-07,2024-06-03,2024-08-23,Montréal,320,320,312,N,,,,,,,  C/DERNIER,
23 ,Médecine,2301,Direction Médecine,1CYC,MMD,35613,A,Profession MD/Éthique clin. 3,TH,2449 ,1,,,,Actif,P,1,Ve,08:30,11:29,2024-06-07,2024-06-07,2024-06-03,2024-08-23,Montréal,320,320,312,N,,,,,,,  C/DERNIER,
23 ,Médecine,2301,Direction Médecine,1CYC,MMD,35613,A,Profession MD/Éthique clin. 3,TH,2449 ,1,,,,Actif,P,1,Lu,12:30,15:29,2024-06-03,2024-06-03,2024-06-03,2024-08-23,Montréal,320,320,312,N,,,,,,,  C/DERNIER,
23 ,Médecine,2301,Direction Médecine,1CYC,MMD,35613,A,Profession MD/Éthique clin. 3,TH,2449 ,1,,,,Actif,P,1,Lu,15:30,18:29,2024-06-03,2024-06-03,2024-06-03,2024-08-23,Montréal,320,320,312,N,,,,,,,  C/DERNIER,
23 ,Médecine,2301,Direction Médecine,1CYC,MMD,35613,A,Profession MD/Éthique clin. 3,TH,2449 ,1,,,,Actif,P,1,Ma,15:30,18:29,2024-06-04,2024-06-04,2024-06-03,2024-08-23,Montréal,320,320,312,N,,,,,,,  C/DERNIER,
23 ,Médecine,2301,Direction Médecine,1CYC,MMD,35613,A,Profession MD/Éthique clin. 3,TH,2449 ,1,,,,Actif,P,1,Me,12:30,15:29,2024-08-21,2024-08-21,2024-06-03,2024-08-23,Montréal,320,320,312,N,,,,,,,  C/DERNIER,
23 ,Médecine,2301,Direction Médecine,1CYC,MMD,35613,A,Profession MD/Éthique clin. 3,TH,2449 ,1,,,,Actif,P,1,Ve,12:30,15:29,2024-08-23,2024-08-23,2024-06-03,2024-08-23,Montréal,320,320,312,N,,,,,,,  C/DERNIER,
23 ,Médecine,2301,Direction Médecine,1CYC,MMD,35613,A,Profession MD/Éthique clin. 3,TH,2449 ,1,,,,Actif,P,1,Ve,08:30,11:29,2024-08-23,2024-08-23,2024-06-03,2024-08-23,Montréal,320,320,312,N,,,,,,,  C/DERNIER,
23 ,Médecine,2301,Direction Médecine,1CYC,MMD,35613,A,Profession MD/Éthique clin. 3,TH,2449 ,1,,,,Actif,P,1,Ve,15:30,18:29,2024-06-07,2024-06-07,2024-06-03,2024-08-23,Montréal,320,320,312,N,,,,,,,  C/DERNIER,
23 ,Médecine,2301,Direction Médecine,1CYC,MMD,35613,A,Profession MD/Éthique clin. 3,TH,2449 ,1,,,,Actif,P,1,Lu,12:30,16:29,2024-08-19,2024-08-19,2024-06-03,2024-08-23,Montréal,320,320,312,N,,,,,,,  C/DERNIER,
23 ,Médecine,2301,Direction Médecine,1CYC,MMD,35613,T,Profession MD/Éthique clin. 3,TH,2677 ,2,,,,Actif,P,1,,00:00,00:00,,,,,Trois-Riv.,999,999,0,N,,,,,,,  C/DERNIER,
23 ,Médecine,2301,Direction Médecine,1CYC,MMD,35623,A,Pharmacothérapie/toxicologie 3,TH,2450 ,1,,,,Actif,P,1,Lu,08:30,11:29,2024-05-01,2024-08-25,2024-05-01,2024-08-25,Montréal,300,300,299,N,,,,,,,  C/SEQ,
23 ,Médecine,2301,Direction Médecine,1CYC,MMD,35623,A,Pharmacothérapie/toxicologie 3,TH,2450 ,1,,,,Actif,P,1,Lu,12:30,15:29,2024-05-01,2024-08-25,2024-05-01,2024-08-25,Montréal,300,300,299,N,,,,,,,  C/SEQ,
23 ,Médecine,2301,Direction Médecine,1CYC,MMD,35623,A,Pharmacothérapie/toxicologie 3,TH,2450 ,1,,,,Actif,P,1,Ma,08:30,11:29,2024-05-01,2024-08-25,2024-05-01,2024-08-25,Montréal,300,300,299,N,,,,,,,  C/SEQ,
23 ,Médecine,2301,Direction Médecine,1CYC,MMD,35623,A,Pharmacothérapie/toxicologie 3,TH,2450 ,1,,,,Actif,P,1,Ma,12:30,15:29,2024-05-01,2024-08-25,2024-05-01,2024-08-25,Montréal,300,300,299,N,,,,,,,  C/SEQ,
23 ,Médecine,2301,Direction Médecine,1CYC,MMD,35623,A,Pharmacothérapie/toxicologie 3,TH,2450 ,1,,,,Actif,P,1,Me,08:30,11:29,2024-05-01,2024-08-25,2024-05-01,2024-08-25,Montréal,300,300,299,N,,,,,,,  C/SEQ,
23 ,Médecine,2301,Direction Médecine,1CYC,MMD,35623,A,Pharmacothérapie/toxicologie 3,TH,2450 ,1,,,,Actif,P,1,Me,12:30,15:29,2024-05-01,2024-08-25,2024-05-01,2024-08-25,Montréal,300,300,299,N,,,,,,,  C/SEQ,
23 ,Médecine,2301,Direction Médecine,1CYC,MMD,35623,A,Pharmacothérapie/toxicologie 3,TH,2450 ,1,,,,Actif,P,1,Je,08:30,11:29,2024-05-01,2024-08-25,2024-05-01,2024-08-25,Montréal,300,300,299,N,,,,,,,  C/SEQ,
23 ,Médecine,2301,Direction Médecine,1CYC,MMD,35623,A,Pharmacothérapie/toxicologie 3,TH,2450 ,1,,,,Actif,P,1,Ve,08:30,11:29,2024-05-01,2024-08-25,2024-05-01,2024-08-25,Montréal,300,300,299,N,,,,,,,  C/SEQ,
23 ,Médecine,2301,Direction Médecine,1CYC,MMD,35623,A,Pharmacothérapie/toxicologie 3,TH,2450 ,1,,,,Actif,P,1,Ve,12:30,15:29,2024-05-01,2024-08-25,2024-05-01,2024-08-25,Montréal,300,300,299,N,,,,,,,  C/SEQ,
23 ,Médecine,2301,Direction Médecine,1CYC,MMD,35623,A,Pharmacothérapie/toxicologie 3,TH,2450 ,1,,,,Actif,P,1,Lu Ma Me Je Ve,08:30,11:29,2024-05-01,2024-08-25,2024-05-01,2024-08-25,Montréal,300,300,299,N,,,,,,,  C/SEQ,
23 ,Médecine,2301,Direction Médecine,1CYC,MMD,35623,A,Pharmacothérapie/toxicologie 3,TH,2450 ,1,,,,Actif,P,1,Lu Ma Me Je Ve,12:30,15:29,2024-05-01,2024-08-25,2024-05-01,2024-08-25,Montréal,300,300,299,N,,,,,,,  C/SEQ,
23 ,Médecine,2301,Direction Médecine,1CYC,MMD,35623,T,Pharmacothérapie/toxicologie 3,TH,2678 ,2,,,,Actif,P,1,,00:00,00:00,,,,,Trois-Riv.,999,999,0,N,,,,,,,  C/SEQ,
23 ,Médecine,2301,Direction Médecine,1CYC,MMD,35643,A,Prog. compétences méd. 1c,TH,2909 ,1,,,,Actif,P,1,,00:00,00:00,,,,,Montréal,999,999,312,N,,,,,,,  C/DERNIER,
23 ,Médecine,2301,Direction Médecine,1CYC,MMD,3611,A,Stage: spécialités médicales 1,STG,2563 ,1,,,,Actif,P,1,,00:00,00:00,,,,,Montréal,999,999,15,N,,,,,,,  EXTM/J,
23 ,Médecine,2301,Direction Médecine,1CYC,MMD,3611A,A,Stage : allergie,STG,2564 ,1,,,,Actif,P,1,,00:00,00:00,,,,,Montréal,999,999,2,N,,,,,,,  EXTM/J,
23 ,Médecine,2301,Direction Médecine,1CYC,MMD,3611B,A,Stage : cardiologie,STG,2565 ,1,,,,Actif,P,1,,00:00,00:00,,,,,Montréal,999,999,25,N,,,,,,,  EXTM/J,
23 ,Médecine,2301,Direction Médecine,1CYC,MMD,3611C,A,Stage : dermatologie,STG,2566 ,1,,,,Actif,P,1,,00:00,00:00,,,,,Montréal,999,999,15,N,,,,,,,  EXTM/J,
23 ,Médecine,2301,Direction Médecine,1CYC,MMD,3611D,A,Stage : endocrinologie,STG,2567 ,1,,,,Actif,P,1,,00:00,00:00,,,,,Montréal,999,999,11,N,,,,,,,  EXTM/J,
23 ,Médecine,2301,Direction Médecine,1CYC,MMD,3611E,A,Stage : gastro-entérologie,STG,2568 ,1,,,,Actif,P,1,,00:00,00:00,,,,,Montréal,999,999,21,N,,,,,,,  EXTM/J,
23 ,Médecine,2301,Direction Médecine,1CYC,MMD,3611H,A,Stage : gériatrie,STG,2569 ,1,,,,Actif,P,1,,00:00,00:00,,,,,Montréal,999,999,0,N,,,,,,,  EXTM/J,
23 ,Médecine,2301,Direction Médecine,1CYC,MMD,3611I,A,Stage : hématologie,STG,2570 ,1,,,,Actif,P,1,,00:00,00:00,,,,,Montréal,999,999,4,N,,,,,,,  EXTM/J,
23 ,Médecine,2301,Direction Médecine,1CYC,MMD,3611J,A,Stage : médecine interne,STG,2571 ,1,,,,Actif,P,1,,00:00,00:00,,,,,Montréal,999,999,4,N,,,,,,,  EXTM/J,
23 ,Médecine,2301,Direction Médecine,1CYC,MMD,3611K,A,Stage : néphrologie,STG,2572 ,1,,,,Actif,P,1,,00:00,00:00,,,,,Montréal,999,999,10,N,,,,,,,  EXTM/J,
23 ,Médecine,2301,Direction Médecine,1CYC,MMD,3611L,A,Stage : neurologie,STG,2573 ,1,,,,Actif,P,1,,00:00,00:00,,,,,Montréal,999,999,8,N,,,,,,,  EXTM/J,
23 ,Médecine,2301,Direction Médecine,1CYC,MMD,3611M,A,Stage : oncologie médicale,STG,2574 ,1,,,,Actif,P,1,,00:00,00:00,,,,,Montréal,999,999,1,N,,,,,,,  EXTM/J,
23 ,Médecine,2301,Direction Médecine,1CYC,MMD,3611N,A,Stage : physiatrie,STG,2575 ,1,,,,Actif,P,1,,00:00,00:00,,,,,Montréal,999,999,8,N,,,,,,,  EXTM/J,
23 ,Médecine,2301,Direction Médecine,1CYC,MMD,3611O,A,Stage : pneumologie,STG,2576 ,1,,,,Actif,P,1,,00:00,00:00,,,,,Montréal,999,999,7,N,,,,,,,  EXTM/J,
23 ,Médecine,2301,Direction Médecine,1CYC,MMD,3611P,A,Stage : rhumatologie,STG,2577 ,1,,,,Actif,P,1,,00:00,00:00,,,,,Montréal,999,999,5,N,,,,,,,  EXTM/J,
23 ,Médecine,2301,Direction Médecine,1CYC,MMD,3611Q,A,Stage : hématologie clinique,STG,2578 ,1,,,,Actif,P,1,,00:00,00:00,,,,,Montréal,999,999,0,N,,,,,,,  EXTM/J,
23 ,Médecine,2301,Direction Médecine,1CYC,MMD,3611R,A,Stage:hématologie et oncologie,STG,2579 ,1,,,,Actif,P,1,,00:00,00:00,,,,,Montréal,999,999,7,N,,,,,,,  EXTM/J,
23 ,Médecine,2301,Direction Médecine,1CYC,MMD,3611S,A,Stage:laboratoire des lipides,STG,2580 ,1,,,,Actif,P,1,,00:00,00:00,,,,,Montréal,999,999,0,N,,,,,,,  EXTM/J,
23 ,Médecine,2301,Direction Médecine,1CYC,MMD,3611T,A,Stage : nutrition appliquée,STG,2581 ,1,,,,Actif,P,1,,00:00,00:00,,,,,Montréal,999,999,0,N,,,,,,,  EXTM/J,
23 ,Médecine,2301,Direction Médecine,1CYC,MMD,3611U,A,Stage : médecine vasculaire,STG,2582 ,1,,,,Actif,P,1,,00:00,00:00,,,,,Montréal,999,999,0,N,,,,,,,  EXTM/J,
23 ,Médecine,2301,Direction Médecine,1CYC,MMD,3611V,A,Stage : hépatologie,STG,2583 ,1,,,,Actif,P,1,,00:00,00:00,,,,,Montréal,999,999,1,N,,,,,,,  EXTM/J,
23 ,Médecine,2301,Direction Médecine,1CYC,MMD,3611W,A,Stage:soins intensifs médicaux,STG,2584 ,1,,,,Actif,P,1,,00:00,00:00,,,,,Montréal,999,999,8,N,,,,,,,  EXTM/J,
23 ,Médecine,2301,Direction Médecine,1CYC,MMD,3611X,A,Stage : médecine génique,STG,2585 ,1,,,,Actif,P,1,,00:00,00:00,,,,,Montréal,999,999,1,N,,,,,,,  EXTM/J,
23 ,Médecine,2301,Direction Médecine,1CYC,MMD,3611Y,A,Stage: spécialités médicales 2,STG,2586 ,1,,,,Actif,P,1,,00:00,00:00,,,,,Montréal,999,999,3,N,,,,,,,  EXTM/J,
23 ,Médecine,2301,Direction Médecine,1CYC,MMD,3611Z,A,Stage: spécialités médicales 3,STG,2587 ,1,,,,Actif,P,1,,00:00,00:00,,,,,Montréal,999,999,1,N,,,,,,,  EXTM/J,
23 ,Médecine,2301,Direction Médecine,1CYC,MMD,3612,A,Stage : spécialités chir. 1,STG,2588 ,1,,,,Actif,P,1,,00:00,00:00,,,,,Montréal,999,999,7,N,,,,,,,  EXTM/J,
23 ,Médecine,2301,Direction Médecine,1CYC,MMD,3612A,A,Stage : chirurgie cardiaque,STG,2589 ,1,,,,Actif,P,1,,00:00,00:00,,,,,Montréal,999,999,6,N,,,,,,,  EXTM/J,
23 ,Médecine,2301,Direction Médecine,1CYC,MMD,3612B,A,Stage : chirurgie générale,STG,2590 ,1,,,,Actif,P,1,,00:00,00:00,,,,,Montréal,999,999,5,N,,,,,,,  EXTM/J,
23 ,Médecine,2301,Direction Médecine,1CYC,MMD,3612C,A,Stage : chirurgie pédiatrique,STG,2591 ,1,,,,Actif,P,1,,00:00,00:00,,,,,Montréal,999,999,3,N,,,,,,,  EXTM/J,
23 ,Médecine,2301,Direction Médecine,1CYC,MMD,3612D,A,Stage : chirurgie orthopédique,STG,2592 ,1,,,,Actif,P,1,,00:00,00:00,,,,,Montréal,999,999,15,N,,,,,,,  EXTM/J,
23 ,Médecine,2301,Direction Médecine,1CYC,MMD,3612E,A,Stage : chirurgie plastique,STG,2593 ,1,,,,Actif,P,1,,00:00,00:00,,,,,Montréal,999,999,8,N,,,,,,,  EXTM/J,
23 ,Médecine,2301,Direction Médecine,1CYC,MMD,3612H,A,Stage : neurochirurgie,STG,2594 ,1,,,,Actif,P,1,,00:00,00:00,,,,,Montréal,999,999,3,N,,,,,,,  EXTM/J,
23 ,Médecine,2301,Direction Médecine,1CYC,MMD,3612I,A,Stage : oto-rhino-laryngologie,STG,2595 ,1,,,,Actif,P,1,,00:00,00:00,,,,,Montréal,999,999,9,N,,,,,,,  EXTM/J,
23 ,Médecine,2301,Direction Médecine,1CYC,MMD,3612J,A,Stage : urologie,STG,2596 ,1,,,,Actif,P,1,,00:00,00:00,,,,,Montréal,999,999,2,N,,,,,,,  EXTM/J,
23 ,Médecine,2301,Direction Médecine,1CYC,MMD,3612K,A,Stage: chirurgie thoracique,STG,2597 ,1,,,,Actif,P,1,,00:00,00:00,,,,,Montréal,999,999,3,N,,,,,,,  EXTM/J,
23 ,Médecine,2301,Direction Médecine,1CYC,MMD,3612L,A,Stage : chirurgie vasculaire,STG,2598 ,1,,,,Actif,P,1,,00:00,00:00,,,,,Montréal,999,999,1,N,,,,,,,  EXTM/J,
23 ,Médecine,2301,Direction Médecine,1CYC,MMD,3612N,A,Stage:soins intensifs chir.,STG,2599 ,1,,,,Actif,P,1,,00:00,00:00,,,,,Montréal,999,999,2,N,,,,,,,  EXTM/J,
23 ,Médecine,2301,Direction Médecine,1CYC,MMD,3612O,A,Stage : chirurgie digestive,STG,2600 ,1,,,,Actif,P,1,,00:00,00:00,,,,,Montréal,999,999,2,N,,,,,,,  EXTM/J,
23 ,Médecine,2301,Direction Médecine,1CYC,MMD,3612P,A,Stage:chirurgie hépatobiliaire,STG,2601 ,1,,,,Actif,P,1,,00:00,00:00,,,,,Montréal,999,999,5,N,,,,,,,  EXTM/J,
23 ,Médecine,2301,Direction Médecine,1CYC,MMD,3612Y,A,Stage : spécialités chir. 2,STG,2602 ,1,,,,Actif,P,1,,00:00,00:00,,,,,Montréal,999,999,1,N,,,,,,,  EXTM/J,
23 ,Médecine,2301,Direction Médecine,1CYC,MMD,3612Z,A,Stage : spécialités chir. 3,STG,2603 ,1,,,,Actif,P,1,,00:00,00:00,,,,,Montréal,999,999,1,N,,,,,,,  EXTM/J,
23 ,Médecine,2301,Direction Médecine,1CYC,MMD,3613A,A,Stage : santé communautaire,STG,2604 ,1,,,,Actif,P,1,,00:00,00:00,,,,,Montréal,999,999,0,N,,,,,,,  EXTM/J,
23 ,Médecine,2301,Direction Médecine,1CYC,MMD,3613B,A,Stage : recherche,STG,2605 ,1,,,,Actif,P,1,,00:00,00:00,,,,,Montréal,999,999,1,N,,,,,,,  EXTM/J,
23 ,Médecine,2301,Direction Médecine,1CYC,MMD,3613C,A,Interv.:pays en voie de dével.,STG,2606 ,1,,,,Actif,P,1,,00:00,00:00,,,,,Montréal,999,999,0,N,,,,,,,  EXTM/J,
23 ,Médecine,2301,Direction Médecine,1CYC,MMD,3613D,A,Stage: santé premières nations,STG,2607 ,1,,,,Actif,P,1,,00:00,00:00,,,,,Montréal,999,999,0,N,,,,,,,  EXTM/J,
23 ,Médecine,2301,Direction Médecine,1CYC,MMD,3614,A,Stages rotatifs,STG,2609 ,1,,,,Actif,P,1,,00:00,00:00,,,,,Montréal,999,999,0,N,,,,,,,  EXTM/J,
23 ,Médecine,2301,Direction Médecine,1CYC,MMD,3615,A,Stage: spécialités pédiatr. 1,STG,2608 ,1,,,,Actif,P,1,,00:00,00:00,,,,,Montréal,999,999,4,N,,,,,,,  EXTM/J,
23 ,Médecine,2301,Direction Médecine,1CYC,MMD,3615A,A,Stage : néonatalogie,STG,2610 ,1,,,,Actif,P,1,,00:00,00:00,,,,,Montréal,999,999,2,N,,,,,,,  EXTM/J,
23 ,Médecine,2301,Direction Médecine,1CYC,MMD,3615B,A,Stage: pédiatrie du nourrisson,STG,2611 ,1,,,,Actif,P,1,,00:00,00:00,,,,,Montréal,999,999,0,N,,,,,,,  EXTM/J,
23 ,Médecine,2301,Direction Médecine,1CYC,MMD,3615C,A,Stage : pédiatrie du dévelop.,STG,2612 ,1,,,,Actif,P,1,,00:00,00:00,,,,,Montréal,999,999,0,N,,,,,,,  EXTM/J,
23 ,Médecine,2301,Direction Médecine,1CYC,MMD,3615D,A,Stage : pédiatrie/âge scolaire,STG,2613 ,1,,,,Actif,P,1,,00:00,00:00,,,,,Montréal,999,999,0,N,,,,,,,  EXTM/J,
23 ,Médecine,2301,Direction Médecine,1CYC,MMD,3615E,A,Stage : médecine/adolescence,STG,2614 ,1,,,,Actif,P,1,,00:00,00:00,,,,,Montréal,999,999,4,N,,,,,,,  EXTM/J,
23 ,Médecine,2301,Direction Médecine,1CYC,MMD,3615H,A,Stage : urgences pédiatrique,STG,2615 ,1,,,,Actif,P,1,,00:00,00:00,,,,,Montréal,999,999,0,N,,,,,,,  EXTM/J,
23 ,Médecine,2301,Direction Médecine,1CYC,MMD,3615I,A,Stage:soins intensifs pédiatr.,STG,2616 ,1,,,,Actif,P,1,,00:00,00:00,,,,,Montréal,999,999,3,N,,,,,,,  EXTM/J,
23 ,Médecine,2301,Direction Médecine,1CYC,MMD,3615J,A,Stage:maladies infect.pédiatr.,STG,2617 ,1,,,,Actif,P,1,,00:00,00:00,,,,,Montréal,999,999,3,N,,,,,,,  EXTM/J,
23 ,Médecine,2301,Direction Médecine,1CYC,MMD,3615K,A,Stage : pédiatrie ambulatoire,STG,2618 ,1,,,,Actif,P,1,,00:00,00:00,,,,,Montréal,999,999,3,N,,,,,,,  EXTM/J,
23 ,Médecine,2301,Direction Médecine,1CYC,MMD,3615L,A,Stage:immuno.-rhumato-pédiatr.,STG,2619 ,1,,,,Actif,P,1,,00:00,00:00,,,,,Montréal,999,999,3,N,,,,,,,  EXTM/J,
23 ,Médecine,2301,Direction Médecine,1CYC,MMD,3615M,A,Stage: cardiologie pédiatrique,STG,2620 ,1,,,,Actif,P,1,,00:00,00:00,,,,,Montréal,999,999,2,N,,,,,,,  EXTM/J,
23 ,Médecine,2301,Direction Médecine,1CYC,MMD,3615N,A,Stage:dermatologie pédiatrique,STG,2621 ,1,,,,Actif,P,1,,00:00,00:00,,,,,Montréal,999,999,6,N,,,,,,,  EXTM/J,
23 ,Médecine,2301,Direction Médecine,1CYC,MMD,3615O,A,Stage: endocrino. pédiatrique,STG,2622 ,1,,,,Actif,P,1,,00:00,00:00,,,,,Montréal,999,999,3,N,,,,,,,  EXTM/J,
23 ,Médecine,2301,Direction Médecine,1CYC,MMD,3615P,A,Stage: gastro-entéro. pédiatr.,STG,2623 ,1,,,,Actif,P,1,,00:00,00:00,,,,,Montréal,999,999,6,N,,,,,,,  EXTM/J,
23 ,Médecine,2301,Direction Médecine,1CYC,MMD,3615Q,A,"Stage:hémato.,oncolo. pédiatr.",STG,2624 ,1,,,,Actif,P,1,,00:00,00:00,,,,,,999,999,0,N,,,,,,,  EXTM/J,
23 ,Médecine,2301,Direction Médecine,1CYC,MMD,3615R,A,Stage: néphrologie pédiatrique,STG,2625 ,1,,,,Actif,P,1,,00:00,00:00,,,,,Montréal,999,999,1,N,,,,,,,  EXTM/J,
23 ,Médecine,2301,Direction Médecine,1CYC,MMD,3615S,A,Stage : neurologie pédiatrique,STG,2626 ,1,,,,Actif,P,1,,00:00,00:00,,,,,Montréal,999,999,3,N,,,,,,,  EXTM/J,
23 ,Médecine,2301,Direction Médecine,1CYC,MMD,3615T,A,Stage:réadaptation pédiatrique,STG,2627 ,1,,,,Actif,P,1,,00:00,00:00,,,,,Montréal,999,999,3,N,,,,,,,  EXTM/J,
23 ,Médecine,2301,Direction Médecine,1CYC,MMD,3615U,A,Stage: pneumologie pédiatrique,STG,2628 ,1,,,,Actif,P,1,,00:00,00:00,,,,,Montréal,999,999,3,N,,,,,,,  EXTM/J,
23 ,Médecine,2301,Direction Médecine,1CYC,MMD,3615V,A,"Stage:génét.,maladies métabol.",STG,2629 ,1,,,,Actif,P,1,,00:00,00:00,,,,,,999,999,1,N,,,,,,,  EXTM/J,
23 ,Médecine,2301,Direction Médecine,1CYC,MMD,3615W,A,Stage:pédiatrie internationale,STG,2630 ,1,,,,Actif,P,1,,00:00,00:00,,,,,Montréal,999,999,0,N,,,,,,,  EXTM/J,
23 ,Médecine,2301,Direction Médecine,1CYC,MMD,3615X,A,Stage : pédiatrie sociale,STG,2631 ,1,,,,Actif,P,1,,00:00,00:00,,,,,Montréal,999,999,1,N,,,,,,,  EXTM/J,
23 ,Médecine,2301,Direction Médecine,1CYC,MMD,3615Y,A,Stage : allergie pédiatrique,STG,2632 ,1,,,,Actif,P,1,,00:00,00:00,,,,,Montréal,999,999,2,N,,,,,,,  EXTM/J,
23 ,Médecine,2301,Direction Médecine,1CYC,MMD,3615Z,A,Stage: spécialités pédiatr. 2,STG,2633 ,1,,,,Actif,P,1,,00:00,00:00,,,,,Montréal,999,999,0,N,,,,,,,  EXTM/J,
23 ,Médecine,2301,Direction Médecine,1CYC,MMD,3616,A,Stage : psychiatrie,STG,2634 ,1,,,,Actif,P,1,,00:00,00:00,,,,,Montréal,999,999,7,N,,,,,,,  EXTM/J,
23 ,Médecine,2301,Direction Médecine,1CYC,MMD,3616A,A,Stage: psychiatrie pédiatrique,STG,2635 ,1,,,,Actif,P,1,,00:00,00:00,,,,,Montréal,999,999,4,N,,,,,,,  EXTM/J,
23 ,Médecine,2301,Direction Médecine,1CYC,MMD,3616B,A,Stage: psychiatrie de l'adulte,STG,2636 ,1,,,,Actif,P,1,,00:00,00:00,,,,,Montréal,999,999,0,N,,,,,,,  EXTM/J,
23 ,Médecine,2301,Direction Médecine,1CYC,MMD,3616C,A,Stage : psychogériatrie,STG,2637 ,1,,,,Actif,P,1,,00:00,00:00,,,,,Montréal,999,999,1,N,,,,,,,  EXTM/J,
23 ,Médecine,2301,Direction Médecine,1CYC,MMD,3616D,A,Stage : psychosomatique,STG,2638 ,1,,,,Actif,P,1,,00:00,00:00,,,,,Montréal,999,999,0,N,,,,,,,  EXTM/J,
23 ,Médecine,2301,Direction Médecine,1CYC,MMD,3616E,A,Stage : psychiatrie légale,STG,2639 ,1,,,,Actif,P,1,,00:00,00:00,,,,,Montréal,999,999,3,N,,,,,,,  EXTM/J,
23 ,Médecine,2301,Direction Médecine,1CYC,MMD,3616F,A,Stage:soins ambulatoires pédo.,STG,2640 ,1,,,,Actif,P,1,,00:00,00:00,,,,,Montréal,999,999,0,N,,,,,,,  EXTM/J,
23 ,Médecine,2301,Direction Médecine,1CYC,MMD,3617,A,Stage : médecine familiale,STG,2641 ,1,,,,Actif,P,1,,00:00,00:00,,,,,Montréal,999,999,10,N,,,,,,,  EXTM/J,
23 ,Médecine,2301,Direction Médecine,1CYC,MMD,3617A,A,Stage: omnipratique en régions,STG,2642 ,1,,,,Actif,P,1,,00:00,00:00,,,,,Montréal,999,999,0,N,,,,,,,  EXTM/J,
23 ,Médecine,2301,Direction Médecine,1CYC,MMD,3617B,A,Stage : soins d'urgence,STG,2643 ,1,,,,Actif,P,1,,00:00,00:00,,,,,Montréal,999,999,12,N,,,,,,,  EXTM/J,
23 ,Médecine,2301,Direction Médecine,1CYC,MMD,3617C,A,Stage: urgences cardiologiques,STG,2644 ,1,,,,Actif,P,1,,00:00,00:00,,,,,Montréal,999,999,2,N,,,,,,,  EXTM/J,
23 ,Médecine,2301,Direction Médecine,1CYC,MMD,3617D,A,Stage : médecine du sport,STG,2645 ,1,,,,Actif,P,1,,00:00,00:00,,,,,Montréal,999,999,0,N,,,,,,,  EXTM/J,
23 ,Médecine,2301,Direction Médecine,1CYC,MMD,3617E,A,Stage : soins palliatifs,STG,2646 ,1,,,,Actif,P,1,,00:00,00:00,,,,,Montréal,999,999,0,N,,,,,,,  EXTM/J,
23 ,Médecine,2301,Direction Médecine,1CYC,MMD,3617F,A,Stage:diversité/médecine fam.,STG,2647 ,1,,,,Actif,P,1,,00:00,00:00,,,,,Montréal,999,999,2,N,,,,,,,  EXTM/J,
23 ,Médecine,2301,Direction Médecine,1CYC,MMD,3618,A,Stage: obstétrique-gynécologie,STG,2648 ,1,,,,Actif,P,1,,00:00,00:00,,,,,Montréal,999,999,0,N,,,,,,,  EXTM/J,
23 ,Médecine,2301,Direction Médecine,1CYC,MMD,3618A,A,Stage : obstétrique médicale,STG,2649 ,1,,,,Actif,P,1,,00:00,00:00,,,,,Montréal,999,999,5,N,,,,,,,  EXTM/J,
23 ,Médecine,2301,Direction Médecine,1CYC,MMD,3618B,A,Stage : obstétrique générale,STG,2650 ,1,,,,Actif,P,1,,00:00,00:00,,,,,Montréal,999,999,6,N,,,,,,,  EXTM/J,
23 ,Médecine,2301,Direction Médecine,1CYC,MMD,3618C,A,Stage : oncologie gynéco.,STG,2651 ,1,,,,Actif,P,1,,00:00,00:00,,,,,Montréal,999,999,2,N,,,,,,,  EXTM/J,
23 ,Médecine,2301,Direction Médecine,1CYC,MMD,3618D,A,Stage clin.:soins ambul.gynéco,TH,2865 ,1,,,,Actif,P,1,,00:00,00:00,,,,,HorsCampus,999,999,3,N,,,,,,,  C/EXTM/J,
23 ,Médecine,2301,Direction Médecine,1CYC,MMD,3619,A,Stage : anesthésie-réanimation,STG,2652 ,1,,,,Actif,P,1,,00:00,00:00,,,,,Montréal,999,999,12,N,,,,,,,  EXTM/J,
23 ,Médecine,2301,Direction Médecine,1CYC,MMD,3620,A,Stage : radiologie,STG,2653 ,1,,,,Actif,P,1,,00:00,00:00,,,,,Montréal,999,999,3,N,,,,,,,  EXTM/J,
23 ,Médecine,2301,Direction Médecine,1CYC,MMD,3620A,A,Stage : radiologie générale,STG,2654 ,1,,,,Actif,P,1,,00:00,00:00,,,,,Montréal,999,999,4,N,,,,,,,  EXTM/J,
23 ,Médecine,2301,Direction Médecine,1CYC,MMD,3620B,A,Stage : médecine nucléaire,STG,2655 ,1,,,,Actif,P,1,,00:00,00:00,,,,,Montréal,999,999,7,N,,,,,,,  EXTM/J,
23 ,Médecine,2301,Direction Médecine,1CYC,MMD,3620C,A,Stage : radiologie oncologique,STG,2656 ,1,,,,Actif,P,1,,00:00,00:00,,,,,Montréal,999,999,1,N,,,,,,,  EXTM/J,
23 ,Médecine,2301,Direction Médecine,1CYC,MMD,3620D,A,Stage:neuroradio.intervention.,STG,7376 ,1,,,,Actif,P,1,,00:00,00:00,,,,,Montréal,999,999,1,N,,,,,,,  EXTM/J/M/STAGE,
23 ,Médecine,2301,Direction Médecine,1CYC,MMD,3620E,A,Stage:radiologie intervention.,STG,2657 ,1,,,,Actif,P,1,,00:00,00:00,,,,,Montréal,999,999,0,N,,,,,,,  EXTM/J,
23 ,Médecine,2301,Direction Médecine,1CYC,MMD,3620F,A,Stage: neuroradio. diagnost.,STG,2658 ,1,,,,Actif,P,1,,00:00,00:00,,,,,Montréal,999,999,0,N,,,,,,,  EXTM/J,
23 ,Médecine,2301,Direction Médecine,1CYC,MMD,3620G,A,Stage : radiologie digestive,STG,2659 ,1,,,,Actif,P,1,,00:00,00:00,,,,,Montréal,999,999,0,N,,,,,,,  EXTM/J,
23 ,Médecine,2301,Direction Médecine,1CYC,MMD,3621,A,Stage : ophtalmologie,STG,2661 ,1,,,,Actif,P,1,,00:00,00:00,,,,,Montréal,999,999,3,N,,,,,,,  EXTM/J,
23 ,Médecine,2301,Direction Médecine,1CYC,MMD,3621A,A,Stage : Santé oculaire,STG,2675 ,1,,,,Actif,P,1,,00:00,00:00,,,,,HorsCampus,999,999,0,N,,,,,,,  C/EXTM/J,
23 ,Médecine,2301,Direction Médecine,1CYC,MMD,3622,A,Stage : nutrition,STG,2662 ,1,,,,Actif,P,1,,00:00,00:00,,,,,Montréal,999,999,0,N,,,,,,,  EXTM/J,
23 ,Médecine,2301,Direction Médecine,1CYC,MMD,3623,A,Stage : pathologie,STG,2663 ,1,,,,Actif,P,1,,00:00,00:00,,,,,Montréal,999,999,3,N,,,,,,,  EXTM/J,
23 ,Médecine,2301,Direction Médecine,1CYC,MMD,3623A,A,Stage : anatomie avancée,STG,2664 ,1,,,,Actif,P,1,,00:00,00:00,,,,,Montréal,999,999,0,N,,,,,,,  EXTM/J,
23 ,Médecine,2301,Direction Médecine,1CYC,MMD,3624,A,Stage : biochimie médicale,STG,2665 ,1,,,,Actif,P,1,,00:00,00:00,,,,,Montréal,999,999,0,N,,,,,,,  EXTM/J,
23 ,Médecine,2301,Direction Médecine,1CYC,MMD,3625,A,Stage : microbiologie médicale,STG,2666 ,1,,,,Actif,P,1,,00:00,00:00,,,,,Montréal,999,999,12,N,,,,,,,  EXTM/J,
23 ,Médecine,2301,Direction Médecine,1CYC,MMD,3626,A,Stage : pharmacologie clinique,STG,2667 ,1,,,,Actif,P,1,,00:00,00:00,,,,,Montréal,999,999,0,N,,,,,,,  EXTM/J,
23 ,Médecine,2301,Direction Médecine,1CYC,MMD,3627,A,Stage : spécialités autres 1,STG,2660 ,1,,,,Actif,P,1,,00:00,00:00,,,,,Montréal,999,999,1,N,,,,,,,  EXTM/J,
23 ,Médecine,2301,Direction Médecine,1CYC,MMD,3627A,A,Stage : spécialités autres 2,STG,2668 ,1,,,,Actif,P,1,,00:00,00:00,,,,,Montréal,999,999,0,N,,,,,,,  EXTM/J,
23 ,Médecine,2301,Direction Médecine,1CYC,MMD,3627B,A,Stage : spécialités autres 3,STG,2669 ,1,,,,Actif,P,1,,00:00,00:00,,,,,Montréal,999,999,0,N,,,,,,,  EXTM/J,
23 ,Médecine,2301,Direction Médecine,1CYC,MMD,3627C,A,Stage : spécialités autres 4,STG,2670 ,1,,,,Actif,P,1,,00:00,00:00,,,,,Montréal,999,999,0,N,,,,,,,  EXTM/J,
23 ,Médecine,2301,Direction Médecine,1CYC,MMD,3627D,A,Stage : spécialités autres 5,STG,2671 ,1,,,,Actif,P,1,,00:00,00:00,,,,,Montréal,999,999,0,N,,,,,,,  EXTM/J,
23 ,Médecine,2301,Direction Médecine,1CYC,MMD,3627E,A,Stage : spécialités autres 6,STG,2672 ,1,,,,Actif,P,1,,00:00,00:00,,,,,Montréal,999,999,0,N,,,,,,,  EXTM/J,
23 ,Médecine,2301,Direction Médecine,1CYC,MMD,3627F,A,Stage : spécialités autres 7,STG,2673 ,1,,,,Actif,P,1,,00:00,00:00,,,,,Montréal,999,999,0,N,,,,,,,  EXTM/J,
23 ,Médecine,2301,Direction Médecine,1CYC,MMD,3627G,A,Stage : spécialités autres 8,STG,2674 ,1,,,,Actif,P,1,,00:00,00:00,,,,,Montréal,999,999,0,N,,,,,,,  EXTM/J,
23 ,Médecine,2301,Direction Médecine,1CYC,MMD,3701,A,Médecine,STG,2454 ,1,,,,Actif,P,1,,00:00,00:00,,,,,Montréal,999,999,75,N,,,,,,,  BRM/EXTM/J,
23 ,Médecine,2301,Direction Médecine,1CYC,MMD,3702,A,Chirurgie,STG,2455 ,1,,,,Actif,P,1,,00:00,00:00,,,,,Montréal,999,999,74,N,,,,,,,  BRM/EXTM/J,
23 ,Médecine,2301,Direction Médecine,1CYC,MMD,3703,A,Pédiatrie,STG,2456 ,1,,,,Actif,P,1,,00:00,00:00,,,,,Montréal,999,999,72,N,,,,,,,  BRM/EXTM/J,
23 ,Médecine,2301,Direction Médecine,1CYC,MMD,3704,A,Obstétrique-gynécologie,STG,2457 ,1,,,,Actif,P,1,,00:00,00:00,,,,,Montréal,999,999,65,N,,,,,,,  BRM/EXTM/J,
23 ,Médecine,2301,Direction Médecine,1CYC,MMD,3705,A,Psychiatrie,STG,2458 ,1,,,,Actif,P,1,,00:00,00:00,,,,,Montréal,999,999,74,N,,,,,,,  C/EXTM/J,
23 ,Médecine,2301,Direction Médecine,1CYC,MMD,3707,A,Médecine familiale,STG,2459 ,1,,,,Actif,P,1,,00:00,00:00,,,,,Montréal,999,999,93,N,,,,,,,  C/EXTM/J,
23 ,Médecine,2301,Direction Médecine,1CYC,MMD,4507,A,Gériatrie,STG,2460 ,1,,,,Actif,P,1,,00:00,00:00,,,,,Montréal,999,999,69,N,,,,,,,  BRM/EXTM/J,
23 ,Médecine,2301,Direction Médecine,1CYC,MMD,4509,A,Anesthésie-réanimation,STG,2461 ,1,,,,Actif,P,1,,00:00,00:00,,,,,Montréal,999,999,37,N,,,,,,,  BRM/EXTM/J,
23 ,Médecine,2301,Direction Médecine,1CYC,MMD,4510,A,Ophtalmologie,STG,2462 ,1,,,,Actif,P,1,,00:00,00:00,,,,,Montréal,999,999,36,N,,,,,,,  BRM/EXTM/J,
23 ,Médecine,2301,Direction Médecine,1CYC,MMD,4511,A,Médecine communautaire,STG,2463 ,1,,,,Actif,P,1,,00:00,00:00,,,,,Montréal,999,999,0,N,,,,,,,  BRM/EXTM/J,
23 ,Médecine,2301,Direction Médecine,1CYC,MMD,4513,A,Médecine d'urgence,STG,2464 ,1,,,,Actif,P,1,,00:00,00:00,,,,,Montréal,999,999,63,N,,,,,,,  BRM/EXTM/J,
23 ,Médecine,2301,Direction Médecine,1CYC,MMD,45243,A,Radiologie diagnostique 3,STG,2451 ,1,,,,Actif,P,1,,00:00,00:00,,,,,Montréal,999,999,312,N,,,,,,,  C/EXTM/J/SEQ,
23 ,Médecine,2301,Direction Médecine,1CYC,MMD,45243,T,Radiologie diagnostique 3,STG,2679 ,2,,,,Actif,P,1,,00:00,00:00,,,,,Trois-Riv.,999,999,0,N,,,,,,,  C/EXTM/J/SEQ,
23 ,Médecine,2301,Direction Médecine,1CYC,SBM,4010,A,Stage honor en neurosciences,STG,2969 ,1,,,,Actif,P,1,,00:00,00:00,,,,,Montréal,999,999,0,N,,,,,,,  INTM/J/M,
23 ,Médecine,2304,Pathologie et biologie cellul.,1CYC,PBC,3100,1,Travaux de recherche,PRA,2710 ,1,,,,Actif,P,1,,00:00,00:00,,,,,Montréal,999,999,0,N,,,,,,,  J,
23 ,Médecine,2310,Biochimie/médecine moléculaire,1CYC,BCM,2533,A,Stage initiation recherche,STG,2900 ,1,,,,Actif,P,1,,00:00,00:00,,,,,Montréal,999,999,8,D,,,,,,,  C/EXTM,
23 ,Médecine,2310,Biochimie/médecine moléculaire,1CYC,BCM,3532,A,Stage en labo de recherche,SEM,2803 ,1,,,,Actif,P,1,,00:00,00:00,,,,,Montréal,999,3,0,D,,,,,,,  J/M,
23 ,Médecine,2310,Biochimie/médecine moléculaire,1CYC,BCM,3533,A,Stage: génétique et génomique,STG,2829 ,1,,,,Actif,P,1,,00:00,00:00,,,,,Montréal,999,2,0,D,,,,,,,  EXTM/J/M,
23 ,Médecine,2310,Biochimie/médecine moléculaire,1CYC,BCM,4001,A,Stage honor en biochimie 1,STG,2880 ,1,,,,Actif,HY,1,Je,15:00,17:59,2024-06-17,2024-08-23,2024-06-17,2024-08-23,Montréal,999,1,0,D,"Omichinski,James G.",PI,"Chaker-Margot,Malik",PI,,,  J/M,
23 ,Médecine,2310,Biochimie/médecine moléculaire,1CYC,BCM,4003,A,Stage honor: génét./génom. 1,STG,2961 ,1,,,,Actif,HY,1,Je,15:30,18:29,2024-07-08,2024-07-12,2024-07-08,2024-07-12,Montréal,999,1,1,I,"Chaker-Margot,Malik",PI,"Omichinski,James G.",PI,,,  CAFF/EX/EXTM/J,
23 ,Médecine,2310,Biochimie/médecine moléculaire,1CYC,BCM,4010,A,Séminaire de recherche honor,TH,2962 ,1,,,,Actif,HY,1,,00:00,00:00,,,,,Montréal,999,0,0,N,,,,,,,  CAFF/EX/J,
23 ,Médecine,2313,Chirurgie,1CYC,CHI,1900,A,CEC: Intro aux techniques,STG,7350 ,1,,,,Actif,P,1,,00:00,00:00,,,,,HorsCampus,999,999,0,N,,,,,,,  EX/EXTM/J/M,
23 ,Médecine,2313,Chirurgie,1CYC,CHI,1901,A,Stage d'introduction en C.E.C.,STG,7351 ,1,,,,Actif,P,1,,00:00,00:00,,,,,HorsCampus,999,999,0,N,,,,,,,  EX/EXTM/J+S/M,
23 ,Médecine,2313,Chirurgie,1CYC,CHI,1902,A,CEC: Appropriation des tech.,STG,2834 ,1,,,,Actif,P,1,,,,2024-05-01,2024-08-25,2024-05-01,2024-08-25,Rég. Mtl,999,999,0,N,"Couturier,Eric",PI,,,,,  C/EXTM/J+S,
23 ,Médecine,2315,Kinésiologie / sc.act.physique,1CYC,KIN,1970,A,"Act. phys., nutrition et santé",TH,2680 ,1,SC,0034,KIN1970/NUT1970,Actif,P,1,Ma Je,08:30,11:59,2024-05-06,2024-05-24,2024-05-06,2024-06-20,Y,999,40,17,N,"Lussier,Martin",PI,"Brousseau,Julie",PI,,,  CHOIX/HP/J+S/LIBRE,
23 ,Médecine,2315,Kinésiologie / sc.act.physique,1CYC,KIN,1970,A,"Act. phys., nutrition et santé",TH,2680 ,1,SC,0034,KIN1970/NUT1970,Actif,P,1,Ma Je,08:30,11:59,2024-05-30,2024-06-18,2024-05-06,2024-06-20,Y,999,40,17,N,"Brousseau,Julie",PI,"Lussier,Martin",PI,,,  CHOIX/HP/J+S/LIBRE,
23 ,Médecine,2315,Kinésiologie / sc.act.physique,1CYC,KIN,1970,A,"Act. phys., nutrition et santé",Intra,2680 ,1,,0034,KIN1970/NUT1970,Actif,P,1,Ma,08:30,11:29,2024-05-28,2024-05-28,2024-05-06,2024-06-20,Y,999,40,17,,,,,,,,  CHOIX/HP/J+S/LIBRE,
23 ,Médecine,2315,Kinésiologie / sc.act.physique,1CYC,KIN,1970,A,"Act. phys., nutrition et santé",Final,2680 ,1,,0034,KIN1970/NUT1970,Actif,P,1,Je,08:30,11:29,2024-06-20,2024-06-20,2024-05-06,2024-06-20,Y,999,40,17,,,,,,,,  CHOIX/HP/J+S/LIBRE,
23 ,Médecine,2315,Kinésiologie / sc.act.physique,1CYC,KIN,2040,A,Kinésio: démarche clinique,TH,2689 ,1,,,,Actif,P,1,Me Ve,08:30,11:29,2024-05-01,2024-05-03,2024-05-01,2024-05-31,Montréal,999,15,15,N,"Campbell,Yvan",PI,,,,,  C/J,
23 ,Médecine,2315,Kinésiologie / sc.act.physique,1CYC,KIN,2040,A,Kinésio: démarche clinique,TH,2689 ,1,,,,Actif,P,1,Me Ve,08:30,11:29,2024-05-20,2024-05-24,2024-05-01,2024-05-31,Montréal,999,15,15,N,"Campbell,Yvan",PI,,,,,  C/J,
23 ,Médecine,2315,Kinésiologie / sc.act.physique,1CYC,KIN,2040,A,Kinésio: démarche clinique,TH,2689 ,1,,,,Actif,P,1,Lu Ve,08:30,11:29,2024-05-27,2024-05-31,2024-05-01,2024-05-31,Montréal,999,15,15,N,"Campbell,Yvan",PI,,,,,  C/J,
23 ,Médecine,2315,Kinésiologie / sc.act.physique,1CYC,KIN,2040,A101,Kinésio: démarche clinique,LAB,2690 ,1,,,,Actif,P,1,Lu Me,08:30,11:29,2024-05-06,2024-05-17,2024-05-06,2024-06-07,Montréal,999,15,15,N,,,,,,,  C/J,
23 ,Médecine,2315,Kinésiologie / sc.act.physique,1CYC,KIN,2040,A101,Kinésio: démarche clinique,LAB,2690 ,1,,,,Actif,P,1,Lu,08:30,11:29,2024-06-03,2024-06-07,2024-05-06,2024-06-07,Montréal,999,15,15,N,,,,,,,  C/J,
23 ,Médecine,2315,Kinésiologie / sc.act.physique,1CYC,KIN,2041,A,Intro à intervention clinique,TH,2691 ,1,,,,Actif,P,1,Je,08:30,11:29,2024-05-09,2024-05-09,2024-05-09,2024-06-20,Montréal,999,15,16,N,"Turgeon,Élisabeth",PI,,,,,  C/J,
23 ,Médecine,2315,Kinésiologie / sc.act.physique,1CYC,KIN,2041,A,Intro à intervention clinique,TH,2691 ,1,,,,Actif,P,1,Me,08:30,11:29,2024-05-29,2024-05-29,2024-05-09,2024-06-20,Montréal,999,15,16,N,"Turgeon,Élisabeth",PI,,,,,  C/J,
23 ,Médecine,2315,Kinésiologie / sc.act.physique,1CYC,KIN,2041,A,Intro à intervention clinique,TH,2691 ,1,,,,Actif,P,1,Je,08:30,11:29,2024-06-20,2024-06-20,2024-05-09,2024-06-20,Montréal,999,15,16,N,"Turgeon,Élisabeth",PI,,,,,  C/J,
23 ,Médecine,2315,Kinésiologie / sc.act.physique,1CYC,KIN,2041,A101,Intro à intervention clinique,CLI,2887 ,1,,,,Actif,P,1,,00:00,00:00,,,,,Montréal,999,0,0,N,,,,,,,  E/J,
23 ,Médecine,2315,Kinésiologie / sc.act.physique,1CYC,KIN,2041,A102,Intro à intervention clinique,CLI,2692 ,1,,,,Actif,P,1,Lu,12:00,20:29,2024-05-13,2024-05-13,2024-05-13,2024-06-21,Montréal,999,4,5,N,,,,,,,  C/J,
23 ,Médecine,2315,Kinésiologie / sc.act.physique,1CYC,KIN,2041,A102,Intro à intervention clinique,CLI,2692 ,1,,,,Actif,P,1,Lu,12:00,20:29,2024-05-27,2024-06-21,2024-05-13,2024-06-21,Montréal,999,4,5,N,,,,,,,  C/J,
23 ,Médecine,2315,Kinésiologie / sc.act.physique,1CYC,KIN,2041,A103,Intro à intervention clinique,CLI,2876 ,1,,,,Actif,P,1,Lu,16:30,20:29,2024-05-13,2024-05-13,2024-05-13,2024-06-21,Montréal,999,0,0,N,,,,,,,  DESC/J,
23 ,Médecine,2315,Kinésiologie / sc.act.physique,1CYC,KIN,2041,A103,Intro à intervention clinique,CLI,2876 ,1,,,,Actif,P,1,Lu,16:30,20:29,2024-05-27,2024-06-21,2024-05-13,2024-06-21,Montréal,999,0,0,N,,,,,,,  DESC/J,
23 ,Médecine,2315,Kinésiologie / sc.act.physique,1CYC,KIN,2041,A104,Intro à intervention clinique,CLI,2693 ,1,,,,Actif,P,1,Ma,07:30,15:59,2024-05-14,2024-06-14,2024-05-14,2024-06-14,Montréal,999,4,4,N,,,,,,,  C/J,
23 ,Médecine,2315,Kinésiologie / sc.act.physique,1CYC,KIN,2041,A105,Intro à intervention clinique,CLI,7216 ,1,,,,Actif,P,1,Ma,12:00,15:59,2024-05-13,2024-06-14,2024-05-13,2024-06-14,Montréal,999,0,0,N,,,,,,,  E/EX/EXCLU/INTM/J,
23 ,Médecine,2315,Kinésiologie / sc.act.physique,1CYC,KIN,2041,A108,Intro à intervention clinique,CLI,7220 ,1,,,,Actif,P,1,Me,12:00,20:30,2024-05-13,2024-06-14,2024-05-13,2024-06-14,Montréal,999,4,4,N,,,,,,,  E/EX/EXCLU/INTM/J,
23 ,Médecine,2315,Kinésiologie / sc.act.physique,1CYC,KIN,2041,A109,Intro à intervention clinique,CLI,7219 ,1,,,,Actif,P,1,Me,16:30,20:29,2024-05-13,2024-06-14,2024-05-13,2024-06-14,Montréal,999,0,0,N,,,,,,,  E/EX/EXCLU/INTM/J,
23 ,Médecine,2315,Kinésiologie / sc.act.physique,1CYC,KIN,2041,A110,Intro à intervention clinique,CLI,7218 ,1,,,,Actif,P,1,Je,07:30,15:59,2024-05-13,2024-06-14,2024-05-13,2024-06-14,Montréal,999,3,3,N,,,,,,,  E/EX/EXCLU/INTM/J,
23 ,Médecine,2315,Kinésiologie / sc.act.physique,1CYC,KIN,2041,A111,Intro à intervention clinique,CLI,7217 ,1,,,,Actif,P,1,Je,12:00,15:59,2024-05-13,2024-06-14,2024-05-13,2024-06-14,Montréal,999,0,0,N,,,,,,,  E/EX/EXCLU/INTM/J,
23 ,Médecine,2315,Kinésiologie / sc.act.physique,1CYC,KIN,3040,A,Pratique d'intervention,TH,2694 ,1,,,,Actif,P,1,Je,08:30,11:29,2024-05-02,2024-05-02,2024-05-02,2024-06-14,Montréal,999,16,16,D,"Gravel,Hugo",PI,,,,,  C/J,
23 ,Médecine,2315,Kinésiologie / sc.act.physique,1CYC,KIN,3040,A,Pratique d'intervention,TH,2694 ,1,,,,Actif,P,1,Ve,08:30,11:29,2024-05-24,2024-05-24,2024-05-02,2024-06-14,Montréal,999,16,16,D,"Gravel,Hugo",PI,,,,,  C/J,
23 ,Médecine,2315,Kinésiologie / sc.act.physique,1CYC,KIN,3040,A,Pratique d'intervention,TH,2694 ,1,,,,Actif,P,1,Ve,08:30,11:29,2024-06-14,2024-06-14,2024-05-02,2024-06-14,Montréal,999,16,16,D,"Gravel,Hugo",PI,,,,,  C/J,
23 ,Médecine,2315,Kinésiologie / sc.act.physique,1CYC,KIN,3040,A101,Pratique d'intervention,CLI,3020 ,1,,,,Actif,P,1,,,,2024-05-01,2024-08-25,2024-05-01,2024-08-25,Montréal,999,0,0,N,,,,,,,  E/EX/EXCLU/INTM/J,
23 ,Médecine,2315,Kinésiologie / sc.act.physique,1CYC,KIN,3040,A102,Pratique d'intervention,CLI,2695 ,1,,,,Actif,P,1,Lu,12:00,20:29,2024-05-06,2024-05-17,2024-05-06,2024-06-21,Montréal,999,4,4,N,,,,,,,  C/J,
23 ,Médecine,2315,Kinésiologie / sc.act.physique,1CYC,KIN,3040,A102,Pratique d'intervention,CLI,2695 ,1,,,,Actif,P,1,Lu,12:00,20:29,2024-05-27,2024-06-21,2024-05-06,2024-06-21,Montréal,999,4,4,N,,,,,,,  C/J,
23 ,Médecine,2315,Kinésiologie / sc.act.physique,1CYC,KIN,3040,A103,Pratique d'intervention,CLI,2877 ,1,,,,Actif,P,1,Lu,16:30,20:29,2024-05-06,2024-05-17,2024-05-06,2024-06-21,Montréal,999,0,0,N,,,,,,,  DESC/J,
23 ,Médecine,2315,Kinésiologie / sc.act.physique,1CYC,KIN,3040,A103,Pratique d'intervention,CLI,2877 ,1,,,,Actif,P,1,Lu,16:30,20:29,2024-05-27,2024-06-21,2024-05-06,2024-06-21,Montréal,999,0,0,N,,,,,,,  DESC/J,
23 ,Médecine,2315,Kinésiologie / sc.act.physique,1CYC,KIN,3040,A104,Pratique d'intervention,CLI,2888 ,1,,,,Actif,P,1,Ma,07:30,15:59,2024-05-06,2024-06-21,2024-05-06,2024-06-21,Montréal,999,4,4,N,,,,,,,  E/J,
23 ,Médecine,2315,Kinésiologie / sc.act.physique,1CYC,KIN,3040,A105,Pratique d'intervention,CLI,7226 ,1,,,,Actif,P,1,Ma,12:00,15:59,2024-05-06,2024-06-21,2024-05-06,2024-06-21,Montréal,999,0,0,N,,,,,,,  E/EX/EXCLU/INTM/J,
23 ,Médecine,2315,Kinésiologie / sc.act.physique,1CYC,KIN,3040,A108,Pratique d'intervention,CLI,7225 ,1,,,,Actif,P,1,Me,12:00,20:29,2024-05-06,2024-06-21,2024-05-06,2024-06-21,Montréal,999,4,4,N,,,,,,,  E/EX/EXCLU/INTM/J,
23 ,Médecine,2315,Kinésiologie / sc.act.physique,1CYC,KIN,3040,A109,Pratique d'intervention,CLI,7224 ,1,,,,Actif,P,1,Me,16:30,20:29,2024-05-06,2024-06-21,2024-05-06,2024-06-21,Montréal,999,0,0,N,,,,,,,  E/EX/EXCLU/INTM/J,
23 ,Médecine,2315,Kinésiologie / sc.act.physique,1CYC,KIN,3040,A110,Pratique d'intervention,CLI,7223 ,1,,,,Actif,P,1,Je,07:30,15:59,2024-05-06,2024-06-21,2024-05-06,2024-06-21,Montréal,999,4,4,N,,,,,,,  E/EX/EXCLU/INTM/J,
23 ,Médecine,2315,Kinésiologie / sc.act.physique,1CYC,KIN,3040,A111,Pratique d'intervention,CLI,7222 ,1,,,,Actif,P,1,Je,12:00,15:59,2024-05-06,2024-06-21,2024-05-06,2024-06-21,Montréal,999,0,0,N,,,,,,,  E/EX/EXCLU/INTM/J,
23 ,Médecine,2315,Kinésiologie / sc.act.physique,1CYC,KIN,3040,A201,Pratique d'intervention,STG,3017 ,1,,,,Actif,P,1,,,,2024-05-01,2024-08-25,2024-05-01,2024-08-25,Montréal,999,0,0,N,,,,,,,  E/EX/EXCLU/INTM/J,
23 ,Médecine,2315,Kinésiologie / sc.act.physique,1CYC,KIN,3040,A202,Pratique d'intervention,STG,2889 ,1,,,,Actif,P,1,Lu,12:00,20:29,2024-05-06,2024-05-17,2024-05-06,2024-06-21,Montréal,999,3,3,N,,,,,,,  E/J,
23 ,Médecine,2315,Kinésiologie / sc.act.physique,1CYC,KIN,3040,A202,Pratique d'intervention,STG,2889 ,1,,,,Actif,P,1,Lu,12:00,20:29,2024-05-27,2024-06-21,2024-05-06,2024-06-21,Montréal,999,3,3,N,,,,,,,  E/J,
23 ,Médecine,2315,Kinésiologie / sc.act.physique,1CYC,KIN,3040,A203,Pratique d'intervention,STG,2890 ,1,,,,Actif,P,1,Lu,16:30,20:29,2024-05-06,2024-05-17,2024-05-06,2024-06-21,Montréal,999,0,0,N,,,,,,,  E/J,
23 ,Médecine,2315,Kinésiologie / sc.act.physique,1CYC,KIN,3040,A203,Pratique d'intervention,STG,2890 ,1,,,,Actif,P,1,Lu,16:30,20:29,2024-05-27,2024-06-21,2024-05-06,2024-06-21,Montréal,999,0,0,N,,,,,,,  E/J,
23 ,Médecine,2315,Kinésiologie / sc.act.physique,1CYC,KIN,3040,A204,Pratique d'intervention,STG,2891 ,1,,,,Actif,P,1,Ma,07:30,15:59,2024-05-06,2024-06-21,2024-05-06,2024-06-21,Montréal,999,4,4,N,,,,,,,  E/J,
23 ,Médecine,2315,Kinésiologie / sc.act.physique,1CYC,KIN,3040,A205,Pratique d'intervention,STG,7231 ,1,,,,Actif,P,1,Ma,12:00,15:59,2024-05-06,2024-06-21,2024-05-06,2024-06-21,Montréal,999,0,0,N,,,,,,,  E/EX/EXCLU/INTM/J,
23 ,Médecine,2315,Kinésiologie / sc.act.physique,1CYC,KIN,3040,A208,Pratique d'intervention,STG,7230 ,1,,,,Actif,P,1,Me,12:00,20:29,2024-05-06,2024-06-21,2024-05-06,2024-06-21,Montréal,999,4,4,N,,,,,,,  E/EX/EXCLU/INTM/J,
23 ,Médecine,2315,Kinésiologie / sc.act.physique,1CYC,KIN,3040,A209,Pratique d'intervention,STG,7229 ,1,,,,Actif,P,1,Me,16:30,20:29,2024-05-06,2024-06-21,2024-05-06,2024-06-21,Montréal,999,0,0,N,,,,,,,  E/EX/EXCLU/INTM/J,
23 ,Médecine,2315,Kinésiologie / sc.act.physique,1CYC,KIN,3040,A210,Pratique d'intervention,STG,7228 ,1,,,,Actif,P,1,Je,07:30,15:59,2024-05-06,2024-06-21,2024-05-06,2024-06-21,Montréal,999,5,5,N,,,,,,,  E/EX/EXCLU/INTM/J,
23 ,Médecine,2315,Kinésiologie / sc.act.physique,1CYC,KIN,3040,A211,Pratique d'intervention,STG,7227 ,1,,,,Actif,P,1,Je,12:00,15:59,2024-05-06,2024-06-21,2024-05-06,2024-06-21,Montréal,999,0,0,N,,,,,,,  E/EX/EXCLU/INTM/J,
23 ,Médecine,2315,Kinésiologie / sc.act.physique,1CYC,KIN,3040,A301,Pratique d'intervention,INT,7401 ,1,,,,Actif,P,1,Me,08:30,12:14,2024-05-06,2024-06-21,2024-05-06,2024-06-21,Montréal,999,0,0,N,,,,,,,  E/EX/EXCLU/INTM/J,
23 ,Médecine,2315,Kinésiologie / sc.act.physique,1CYC,KIN,3049,A,Stage professionnel,REN,2892 ,1,,,,Actif,P,1,,,,2024-05-01,2024-08-25,2024-05-01,2024-08-25,Montréal,999,0,0,N,"Lavoie,Julie",PI,,,,,  BRM/EXTM,
23 ,Médecine,2315,Kinésiologie / sc.act.physique,1CYC,KIN,3049,A1,Stage professionnel,STG,2893 ,1,,,,Actif,P,1,,,,2024-05-01,2024-08-25,2024-05-01,2024-08-25,Montréal,999,0,0,N,"Lavoie,Julie",PI,,,,,  BRM/EXTM,
23 ,Médecine,2315,Kinésiologie / sc.act.physique,1CYC,KIN,30492,A,Stage professionnel 2,REN,2914 ,1,,,,Actif,P,1,Me,12:30,15:29,2024-05-01,2024-05-01,2024-05-01,2024-07-29,Montréal,999,17,17,D,,,,,,,  C/DERNIER/EXCLU/INTM,
23 ,Médecine,2315,Kinésiologie / sc.act.physique,1CYC,KIN,30492,A,Stage professionnel 2,REN,2914 ,1,,,,Actif,P,1,Je,12:30,15:29,2024-06-13,2024-06-13,2024-05-01,2024-07-29,Montréal,999,17,17,D,,,,,,,  C/DERNIER/EXCLU/INTM,
23 ,Médecine,2315,Kinésiologie / sc.act.physique,1CYC,KIN,30492,A,Stage professionnel 2,REN,2914 ,1,,,,Actif,P,1,Lu,12:30,15:29,2024-07-29,2024-07-29,2024-05-01,2024-07-29,Montréal,999,17,17,D,,,,,,,  C/DERNIER/EXCLU/INTM,
23 ,Médecine,2315,Kinésiologie / sc.act.physique,1CYC,KIN,30492,A101,Stage professionnel 2,STG,2915 ,1,,,,Actif,P,1,,,,2024-05-01,2024-08-15,2024-05-01,2024-08-15,Montréal,999,999,17,D,,,,,,,  C/DERNIER/EXCLU/INTM,
23 ,Médecine,2315,Kinésiologie / sc.act.physique,1CYC,KIN,3072,A,Travail dirigé 1,TRD,2687 ,1,,,,Actif,P,1,,00:00,00:00,,,,,Montréal,999,18,18,D,,,,,,,  C/J,
23 ,Médecine,2315,Kinésiologie / sc.act.physique,1CYC,KIN,3073,A,Travail dirigé 2,TRD,2688 ,1,,,,Actif,P,1,,00:00,00:00,,,,,Montréal,999,10,0,D,,,,,,,  C/J,
23 ,Médecine,2315,Kinésiologie / sc.act.physique,1CYC,KIN,4074,A,Practicum de recherche 1,TRD,2684 ,1,,,,Actif,P,1,,00:00,00:00,,,,,Montréal,999,10,0,D,,,,,,,  J,
23 ,Médecine,2315,Kinésiologie / sc.act.physique,1CYC,KIN,4075,A,Practicum de recherche 2,TRD,2685 ,1,,,,Actif,P,1,,00:00,00:00,,,,,Montréal,999,10,0,D,,,,,,,  J,
23 ,Médecine,2316,Nutrition,1CYC,NUT,1970,A,Activité phys./nutrition/santé,TH,2785 ,1,SC,0034,KIN1970/NUT1970,Actif,P,1,Ma Je,08:30,11:59,2024-05-06,2024-05-24,2024-05-06,2024-06-20,Montréal,999,36,18,N,"Lussier,Martin",PI,"Brousseau,Julie",PI,,,  CHOIX/HP/LIBRE,
23 ,Médecine,2316,Nutrition,1CYC,NUT,1970,A,Activité phys./nutrition/santé,TH,2785 ,1,SC,0034,KIN1970/NUT1970,Actif,P,1,Ma Je,08:30,11:59,2024-05-30,2024-06-18,2024-05-06,2024-06-20,Montréal,999,36,18,N,"Brousseau,Julie",PI,"Lussier,Martin",PI,,,  CHOIX/HP/LIBRE,
23 ,Médecine,2316,Nutrition,1CYC,NUT,1970,A,Activité phys./nutrition/santé,Intra,2785 ,1,,0034,KIN1970/NUT1970,Actif,P,1,Ma,08:30,11:29,2024-05-28,2024-05-28,2024-05-06,2024-06-20,Montréal,999,36,18,,,,,,,,  CHOIX/HP/LIBRE,
23 ,Médecine,2316,Nutrition,1CYC,NUT,1970,A,Activité phys./nutrition/santé,Final,2785 ,1,,0034,KIN1970/NUT1970,Actif,P,1,Je,08:30,11:29,2024-06-20,2024-06-20,2024-05-06,2024-06-20,Montréal,999,36,18,,,,,,,,  CHOIX/HP/LIBRE,
23 ,Médecine,2316,Nutrition,1CYC,NUT,3069,A,Stage gest.: alim. et nut. 2,STG,2981 ,1,,,,Actif,P,1,,00:00,00:00,,,,,Montréal,999,70,0,N,,,,,,,  C/EXTM,
23 ,Médecine,2316,Nutrition,1CYC,NUT,3077B,B,Stage clin. et sout. nut. 2,SEM,2992 ,1,,,,Actif,P,1,,,,2024-05-01,2024-08-25,2024-05-01,2024-08-25,Montréal,999,999,0,N,,,,,,,  C/EXTM,
23 ,Médecine,2316,Nutrition,1CYC,NUT,3077C,C,Stage clinique 2,STG,7352 ,1,,,,Actif,P,1,,,,2024-04-03,2024-06-28,2024-04-03,2024-06-28,Montréal,999,999,5,N,"Ticala,Raluca",PI,,,,,  C/EXTM,
23 ,Médecine,2316,Nutrition,1CYC,NUT,4074B,B,Stage clin. et sout. nut. 3,STG,2982 ,1,,,,Actif,P,1,,,,2024-04-29,2024-06-28,2024-04-29,2024-06-28,Montréal,999,999,0,N,"Ticala,Raluca",PI,,,,,  C/EXTM,
23 ,Médecine,2316,Nutrition,1CYC,NUT,4078B,A,Stage en nut. publique 2,STG,2908 ,1,,,,Actif,P,1,,,,2024-04-29,2024-07-12,2024-04-29,2024-07-12,Montréal,999,3,0,N,"Painchaud,Édith",PI,,,,,  C/EXTM,
23 ,Médecine,2316,Nutrition,1CYC,NUT,4078C,A,Stage nut santé publique 2,STG,7387 ,1,,,,Actif,P,1,Lu Ma Me Je Ve,,,2024-05-06,2024-06-14,2024-05-06,2024-06-14,Montréal,999,999,1,N,"Painchaud,Édith",PI,,,,,  C/EXTM/INDIRECT,
23 ,Médecine,2316,Nutrition,1CYC,NUT,4170,A,Stage comp. en nutrition,STG,2983 ,1,,,,Actif,P,1,,,,2024-04-02,2024-07-12,2024-04-02,2024-07-12,Montréal,999,999,2,N,"Ticala,Raluca",PI,,,,,  C/EXTM,
23 ,Médecine,2323,Médecine de famille/d'urgence,1CYC,MDF,1010,A,Stage: soins avancés 2,STG,2997 ,1,,,,Actif,P,1,,00:00,00:00,,,,,Montréal,999,15,0,N,,,,,,,  EX/EXTM/J+S/LIENDIRECT/M,
23 ,Médecine,2323,Médecine de famille/d'urgence,1CYC,MDF,1010,A101,Stage: soins avancés 2,TH,2998 ,1,,,,Actif,EL,1,,00:00,00:00,,,,,Virtuel,999,15,0,N,,,,,,,  EX/EXTM/J+S/LIENDIRECT/M,
23 ,Médecine,2323,Médecine de famille/d'urgence,1CYC,MDF,2006A,A,Clientèle gériatrique,TH,2963 ,1,,,,Actif,HY,1,,00:00,00:00,,,,,Montréal,999,17,0,N,,,,,,,  C/J+S,
23 ,Médecine,2323,Médecine de famille/d'urgence,1CYC,MDF,2010,A,Stage: Soins avancés 4,STG,2995 ,1,,,,Actif,P,1,,00:00,00:00,,,,,Montréal,999,10,0,N,,,,,,,  EX/EXTM/J+S/LIENDIRECT/M,
23 ,Médecine,2323,Médecine de famille/d'urgence,1CYC,MDF,2010,A101,Stage: Soins avancés 4,TH,2996 ,1,,,,Actif,P,1,,00:00,00:00,,,,,Montréal,999,10,0,N,,,,,,,  EX/EXTM/J+S/LIENDIRECT/M,
23 ,Médecine,2328,Microbio. infectio. et immuno.,1CYC,MCB,2020,A,Stage en milieu de travail,STG,2719 ,1,,,,Actif,P,1,,,,2024-05-01,2024-08-25,2024-05-01,2024-08-25,Montréal,999,5,14,D,,,,,,,  C/EXTM/J,
23 ,Médecine,2328,Microbio. infectio. et immuno.,1CYC,MCB,2091,A,Initiation à la recherche,STG,2837 ,1,,,,Actif,P,1,,,,2024-05-01,2024-08-25,2024-05-01,2024-08-25,Montréal,999,5,19,D,,,,,,,  C/J,
23 ,Médecine,2328,Microbio. infectio. et immuno.,1CYC,MCB,3091,A,Stage en milieu de recherche,STG,2720 ,1,,,,Actif,P,1,,,,2024-05-01,2024-08-25,2024-05-01,2024-08-25,Montréal,999,5,2,D,,,,,,,  C/J,
23 ,Médecine,2333,Orthophonie et audiologie,1CYC,AUD,1131,A,Anat/physiol:audio.équil.phon.,TH,2979 ,1,,,,Actif,SD,1,Me,18:00,20:59,2024-05-01,2024-08-25,2024-05-01,2024-08-25,Virtuel,999,60,34,N,"Baril,Julie",PI,,,,,  C/ENLIGNE/J+S/LIBRE,
23 ,Médecine,2333,Orthophonie et audiologie,1CYC,AUD,1132,A,Psychoacoust.  percept. parole,TH,2980 ,1,,,,Actif,SD,1,Ma,18:00,20:59,2024-05-01,2024-08-25,2024-05-01,2024-08-25,Virtuel,999,60,33,N,"Champoux,François",PI,,,,,  C/ENLIGNE/J+S/LIBRE,
23 ,Médecine,2337,Pédiatrie,1CYC,PDT,49521,A,Introduction à la pédiatrie 1,TH,2859 ,1,,,,Actif,P,1,,00:00,00:00,,,,,Montréal,999,999,0,N,,,,,,,  C/J/SEQ,
23 ,Médecine,2337,Pédiatrie,1CYC,PDT,49523,A,Introduction à la pédiatrie 3,TH,2711 ,1,,,,Actif,P,1,,00:00,00:00,,,,,Montréal,999,999,2,N,,,,,,,  J/SEQ,
23 ,Médecine,2337,Pédiatrie,1CYC,PDT,49526,A,Introduction à la pédiatrie 6,TH,2712 ,1,,,,Actif,P,1,,00:00,00:00,,,,,Montréal,999,999,1,N,,,,,,,  J/SEQ,
23 ,Médecine,2337,Pédiatrie,1CYC,PDT,49528,A,Introduction à la pédiatrie 8,TH,2860 ,1,,,,Actif,P,1,,00:00,00:00,,,,,Montréal,999,999,0,N,,,,,,,  C/J/SEQ,
23 ,Médecine,2337,Pédiatrie,1CYC,PDT,49529,A,Introduction à la pédiatrie 9,TH,2713 ,1,,,,Actif,P,1,,00:00,00:00,,,,,Montréal,999,999,3,N,,,,,,,  DERNIER/J,
23 ,Médecine,2337,Pédiatrie,1CYC,PDT,49543,A,Pédiatrie clinique 1.3,TP,2801 ,1,,,,Actif,P,1,,00:00,00:00,,,,,Montréal,999,999,1,N,,,,,,,  C/DERNIER/J,
23 ,Médecine,2337,Pédiatrie,1CYC,PDT,49561,A,Pédiatrie clinique 2.1,PRA,2906 ,1,,,,Actif,P,1,,00:00,00:00,,,,,Montréal,999,999,0,N,,,,,,,  CAFF/J/N/SEQ,
23 ,Médecine,2337,Pédiatrie,1CYC,PDT,49563,A,Pédiatrie clinique 2.3,PRA,2714 ,1,,,,Actif,P,1,,00:00,00:00,,,,,Montréal,999,999,3,N,,,,,,,  DERNIER/J,
23 ,Médecine,2341,Pharmacologie et physiologie,1CYC,SBM,3000,A,Stage rech. sc. biomédicales,TP,2902 ,1,,,,Actif,P,1,,00:00,00:00,,,,,Montréal,999,999,0,D,,,,,,,  CAFF/J,
23 ,Médecine,2341,Pharmacologie et physiologie,1CYC,SBM,3008,A,Stage rech. sc. biomédicales,STG,2769 ,1,,,,Actif,P,1,,,,2024-05-01,2024-08-25,2024-05-01,2024-08-25,Montréal,999,999,34,D,"Claing,Audrey",PI,,,,,  EXTM/J,
23 ,Médecine,2341,Pharmacologie et physiologie,1CYC,SBM,3009,A,Stage rech. pharmacologie,STG,2770 ,1,,,,Actif,P,1,,,,2024-05-01,2024-08-25,2024-05-01,2024-08-25,Montréal,999,999,0,D,"Claing,Audrey",PI,,,,,  EXTM/J,
23 ,Médecine,2341,Pharmacologie et physiologie,1CYC,SBM,3010,A,Stage de rech. neurosciences,STG,2771 ,1,,,,Actif,P,1,,00:00,00:00,,,,,Montréal,999,999,0,D,,,,,,,  EXTM/J,
23 ,Médecine,2341,Pharmacologie et physiologie,1CYC,SBM,3012,A,Stage rech. patho/bio. cell.,STG,2772 ,1,,,,Actif,P,1,,,,2024-05-01,2024-08-25,2024-05-01,2024-08-25,Montréal,999,999,0,D,"Claing,Audrey",PI,,,,,  EXTM/J,
23 ,Médecine,2341,Pharmacologie et physiologie,1CYC,SBM,3013,A,Stage rech. sc. de la vision,STG,2773 ,1,,,,Actif,P,1,,00:00,00:00,,,,,Montréal,999,999,0,D,,,,,,,  EXTM/J,
23 ,Médecine,2341,Pharmacologie et physiologie,1CYC,SBM,3014,A,Proposition rech. sc. biomed.,TH,7482 ,1,,,,Actif,P,1,,,,2024-05-01,2024-08-25,2024-05-01,2024-08-25,Montréal,999,999,3,N,"Claing,Audrey",PI,,,,,  E/ENLIGNE,
23 ,Médecine,2341,Pharmacologie et physiologie,1CYC,SBM,4008,A,Stage honor sc. biomédicales,STG,2774 ,1,,,,Actif,P,1,,,,2024-05-01,2024-08-25,2024-05-01,2024-08-25,Montréal,999,999,5,D,"Claing,Audrey",PI,,,,,  EXTM/J,
23 ,Médecine,2341,Pharmacologie et physiologie,1CYC,SBM,4011,A,Stage honor physio intégrée,STG,2775 ,1,,,,Actif,P,1,,00:00,00:00,,,,,Montréal,999,999,0,D,,,,,,,  EXTM/J,
23 ,Médecine,2341,Pharmacologie et physiologie,1CYC,SBM,4013,A,Stage honor sc. de la vision,STG,2776 ,1,,,,Actif,P,1,,00:00,00:00,,,,,Montréal,999,999,0,D,,,,,,,  EXTM/J,
23 ,Médecine,2349,Réadaptation,1CYC,ERT,1460,X,Initiation: formation clinique,STG,2810 ,1,,,,Actif,P,1,,00:00,00:00,,,,,Montréal,999,999,1,D,,,,,,,  EXTM/J/T/O,
23 ,Médecine,2349,Réadaptation,1CYC,ERT,2461,X,Formation clinique 2,STG,2972 ,1,,,,Actif,EL,1,,00:00,00:00,,,,,Virtuel,999,999,0,N,,,,,,,  EXTM/J/M/N,
23 ,Médecine,2349,Réadaptation,1CYC,ERT,3460,X,Formation clinique 3,STG,2781 ,1,,,,Actif,P,1,,00:00,00:00,,,,,Montréal,999,999,1,N,,,,,,,  EXTM/J,
23 ,Médecine,2349,Réadaptation,1CYC,PHT,2351,A,Stage clinique 1,STG,2835 ,1,,,,Actif,P,1,,00:00,00:00,,,,,Montréal,999,10,0,D,,,,,,,  C/EXTM/J,
23 ,Médecine,2349,Réadaptation,1CYC,PHT,2453,A,Stage clinique 2,STG,2786 ,1,,,,Actif,P,1,,00:00,00:00,,,,,Montréal,999,999,1,N,,,,,,,  EXTM/J,
23 ,Médecine,2349,Réadaptation,1CYC,PHT,3358,A,Stage clinique 3,STG,2800 ,1,,,,Actif,P,1,,00:00,00:00,,,,,Montréal,999,999,0,D,,,,,,,  EXTM/J,
23 ,Médecine,2353,Neurosciences,1CYC,NSC,2500,A,Stage en neurosciences,STG,2797 ,1,,,,Actif,P,1,,00:00,00:00,,,,,Montréal,999,999,3,N,,,,,,,  C/EXCP/J,
23 ,Médecine,2353,Neurosciences,1CYC,NSC,3010,A,Stage en neurosciences,STG,2802 ,1,,,,Actif,P,1,,,,2024-05-01,2024-08-25,2024-05-01,2024-08-25,Montréal,999,51,50,N,"Slimani,Hocine",PI,"Robitaille,Richard",PI,,,  C/EXTM/J,
23 ,Médecine,2353,Neurosciences,1CYC,NSC,3011,A,Projet de fin d'études,TH,2828 ,1,,,,Actif,P,1,,00:00,00:00,,,,,Montréal,999,10,0,N,,,,,,,  C/J,
23 ,Médecine,2353,Neurosciences,1CYC,NSC,4010,A,Stage honor en neurosciences,STG,2804 ,1,,,,Actif,P,1,,,,2024-05-01,2024-08-25,2024-05-01,2024-08-25,Montréal,999,10,6,N,"Slimani,Hocine",PI,"Robitaille,Richard",PI,,,  C/EXTM/J,
,,,,,,,,,,,,,,,,,,,,,,,,,,,,,,,,,,,,,
,,,,,,,,,,,,,,,,,,,,,,,,,,,,,,,,,,,,,
*** Fin du rapport ***,,,,,,,,,,,,,,,,,,,,,,,,,,,,,,,,,,,,,
,,,,,,,,,,,,,,,,,,,,,,,,,,,,,,,,,,,,,
,,,,,,,,,,,,,,,,,,,,,,,,,,,,,,,,,,,,,
,,,,,,,,,,,,,,,,,,,,,,,,,,,,,,,,,,,,,
,,,,,,,,,,,,,,,,,,,,,,,,,,,,,,,,,,,,,
